No,Lab Code,Lab Name,Report,Measured_RBC,Measured_WBC,Measured_PLT,Measured_Hb,Measured_Hct,Measured_MCV,Measured_MCH,Measured_MCHC,,Reference_RBC,Reference_WBC,Reference_PLT,Reference_Hb,Reference_Hct,Reference_MCV,Reference_MCH,Reference_MCHC,,Brand_Code,Brand_Name,Model_Code,Model_Description,Brand_Custom,Model_Custom,Model_Name,Submission_Date,Suggestion,Remarks,Defect_Note,Status,Status_Recheck,Labcode_HM,Type
11,00011,บริษัท ศูนย์แพทย์อาชีวเวชศาสตร์กรุงเทพ จำกัด,R,2.3,1.82,41,5.5,18.5,80.2,23.8,29.7,,,,,,,,,,,(600) Mindray,,604,,,,BC6000,17 กันยายน 2568,,,,ส่งผลสมบูรณ์,,HM 888,NGPH
21,00021,โรงพยาบาลพรหมพิราม,R,2.29,3.07,57,5.5,18.2,79.7,23.7,30,,,,,,,,,,,(600) Mindray,,604,,,,BC 6200,10 กันยายน 2568,,,,ส่งผลสมบูรณ์,มีไฟล์แนบของ ศวก.6 เข้ามาด้วย,HM 494,PHCH
35,00035,โรงพยาบาลหนองจิก,R,2.31,1.84,42,5.5,18.5,79.9,23.9,29.7,,,,,,,,,,,(600) Mindray,,604,,,,BC 6200,17 กันยายน 2568,Slide ที่ให้มามี Examination area สั้นและเฉียง รวมทั้งรอบนี้มีปริมาณ WBC ต่ำทำให้ดูยากและพบ Smudge cell จำนวนมาก ตรวจ WBC differential ได้ไม่ดี,,,ส่งผลสมบูรณ์,,HM 670,PHCH
38,00038,โรงพยาบาลรวมแพทย์ฉะเชิงเทรา,R,2.31,1.74,55,5.5,18.9,81.9,23.8,29.1,,,,,,,,,,,(600) Mindray,,604,,,,BC6000,17 กันยายน 2568,,,,ส่งผลสมบูรณ์,,HM 1795,NGPH
45,00045,โรงพยาบาลสมเด็จพระเจ้าตากสินมหาราช,R,2.34,1.94,56,5.4,18.8,80,23.1,28.9,,,,,,,,,,,(600) Mindray,,604,,,,BC6200,10 กันยายน 2568,เซลล์เม็ดเลือดติดสีโทนเข้มเกินไป และจำนวน WBC น้อยมาก ทำให้ diff ยาก,,ตัวอย่างทดสอบ A367  hemolysis รบกวนขอส่งตัวอย่างทดสอบใหม่,ส่งผลสมบูรณ์,,HM 98,PHGH
46,00046,โรงพยาบาลบางบ่อ,R,5.35,18.6,539,15.3,47.6,89,28.6,32.1,,,,,,,,,,,(600) Mindray,,604,,,,BC6200,17 กันยายน 2568,,รายงานผลสลับตัวอย่าง A กับ B,,ส่งผลสมบูรณ์,,HM 1070,PHCH
49,00049,โรงพยาบาลนนทเวช,R,2.33,1.79,51,5.6,18.4,78.9,23.9,30.4,,,,,,,,,,,(600) Mindray,,604,,,,BC6200,17 กันยายน 2568,,,,ส่งผลสมบูรณ์,,HM 1026,NGPH
53,00053,บริษัทศูนย์ห้องปฏิบัติการและวิจัยทางการแพทย์แห่งเอเซีย จำกัด(โรงพยาบาลลาดพร้าว) (เครื่อง1),R,2.34,1.91,49,5.5,18.8,80.3,23.5,29.3,,,,,,,,,,,(600) Mindray,,604,,,,BC-6200,17 กันยายน 2568,,,,ส่งผลสมบูรณ์,มีไฟล์แนบของ ศวก.5 เข้ามาด้วย,HM 771,NGPH
58,00058,โรงพยาบาลเวชศาสตร์เขตร้อน,R,2.3,1.88,38,5.4,18.3,79.4,23.6,29.5,,,,,,,,,,,(600) Mindray,,604,,,,BC 6200,17 กันยายน 2568,,,Sample B368 hemolysis,ส่งผลสมบูรณ์,ไฟล์แนบ HM368,HM 704,GNPH
64,00064,โรงพยาบาลพาน,R,2.33,1.86,60,5.6,18.5,79.2,23.9,30.3,,,,,,,,,,,(600) Mindray,,604,,,,BC6200,10 กันยายน 2568,,,,ส่งผลสมบูรณ์,,HM 559,PHCH
69,00069,โรงพยาบาลสรรพสิทธิประสงค์,R,2.32,1.88,49,5.4,18.2,78.6,23.4,29.7,,,,,,,,,,,(600) Mindray,,604,,,,BC6200,10 กันยายน 2568,Slide blood smaerติดสีไปในโทนแดง ควรแก้ไข,,,ส่งผลสมบูรณ์,,HM 49,PHRH
85,00085,โรงพยาบาลวังน้อย,R,2.31,1.82,68,5.4,19.7,85.2,23.5,27.4,,,,,,,,,,,(600) Mindray,,604,,,,BC-6200,17 กันยายน 2568,,,,ส่งผลสมบูรณ์,,HM 1263,PHCH
94,00094,โรงพยาบาลจุฬารัตน์ 3 อินเตอร์,R,2.34,2.03,61,5.5,18.3,78.4,23.5,30.1,,,,,,,,,,,(600) Mindray,,604,,BC-6200,,BC6200,17 กันยายน 2568,-,รายงานผลหน่วย PLT ผิด,,ส่งผลสมบูรณ์,,HM 774,NGPH
96,00096,โรงพยาบาลฝาง,R,2.35,1.83,59,5.5,18.5,78.9,23.3,29.5,,,,,,,,,,,(600) Mindray,,604,,,,BC6000,10 กันยายน 2568,,,,ส่งผลสมบูรณ์,,HM 1310,PHCH
117,00117,โรงพยาบาล จุฬารัตน์ 11,R,2.26,2.22,76,5.4,17.2,76.1,23.9,31.4,,,,,,,,,,,(600) Mindray,,604,,,,BC6000,17 กันยายน 2568,,,,ส่งผลสมบูรณ์,,HM 1033,NGPH
125,00125,โรงพยาบาลหนองคาย,R,2.3,1.85,54,5.4,18.5,80.6,23.6,29.2,,,,,,,,,,,(600) Mindray,,604,,,,BC6200,10 กันยายน 2568,,,,ส่งผลสมบูรณ์,,HM 923,PHGH
133,00133,โรงพยาบาลสำโรงทาบ,R,2.27,1.94,91,5.4,25,110.5,23.7,21.5,,,,,,,,,,,(600) Mindray,,604,,,,BC6800,10 กันยายน 2568,,,,ส่งผลสมบูรณ์,,HM 961,PHCH
136,00136,โรงพยาบาลพุทธชินราช พิษณุโลก,R,2.3,1.83,43,5.4,18.3,79.6,23.5,29.5,,,,,,,,,,,(600) Mindray,,604,,,,BC6200,10 กันยายน 2568,,,A368 Hemolysis,ส่งผลสมบูรณ์,มีไฟล์แนบของ ศวก.2 เข้ามาด้วย,HM 53,PHRH
149,00149,มหาวิทยาลัยมหิดล,R,2.29,1.9,64,5.6,17.8,77.8,24.3,31.2,,,,,,,,,,,(600) Mindray,,604,,,,BC 6800,17 กันยายน 2568,,,,ส่งผลสมบูรณ์,,HM 1392,GNPH
177,00177,โรงพยาบาลบุรีรัมย์ (เครื่อง1),R,2.22,1.92,56,5.3,23.7,106.7,24,22.4,,,,,,,,,,,(600) Mindray,,604,,,,BC6200,10 กันยายน 2568,,,,ส่งผลสมบูรณ์,,HM 60,PHRH
178,00178,โรงพยาบาลบุรีรัมย์ (เครื่อง2),R,2.2,1.89,64,5.3,23.7,107.9,24.1,22.4,,,,,,,,,,,(600) Mindray,,604,,,,BC6200,10 กันยายน 2568,,,,ส่งผลสมบูรณ์,,HM 1773,PHRH
179,00179,โรงพยาบาลบุรีรัมย์ (เครื่อง3),R,2.25,1.83,65,5.4,24.2,107.4,24,22.3,,,,,,,,,,,(600) Mindray,,604,,,,BC6200,10 กันยายน 2568,,,,ส่งผลสมบูรณ์,,HM 1774,PHRH
185,00185,โรงพยาบาลสุวรรณภูมิ,R,2.29,2.07,74,5.5,17.5,76.4,23.9,31.4,,,,,,,,,,,(600) Mindray,,604,,,,BC6200,10 กันยายน 2568,,,,ส่งผลสมบูรณ์,,HM 420,PHCH
220,00220,โรงพยาบาลเลาขวัญ,R,2.33,1.95,40,5.4,18.6,79.7,23.3,29,,,,,,,,,,,(600) Mindray,,604,,,,BC-6000,17 กันยายน 2568,,,,ส่งผลสมบูรณ์,,HM 948,PHCH
238,00238,โรงพยาบาลมหาชัย 3,R,2.38,1.88,58,5.7,18.8,79.1,23.9,30.3,,,,,,,,,,,(600) Mindray,,604,,,,BC 6000,17 กันยายน 2568,,,,ส่งผลสมบูรณ์,,HM 1332,NGPH
241,00241,โรงพยาบาลกุสุมาลย์,R,2.24,2.02,62,5.2,17.3,77.2,23.3,30.1,,,,,,,,,,,(600) Mindray,,604,,,,BC6000,10 กันยายน 2568,,,,ส่งผลสมบูรณ์,,HM 370,PHCH
243,00243,โรงพยาบาลศรีสงคราม,R,2.19,1.92,79,5.4,25,114.2,24.7,21.6,,,,,,,,,,,(600) Mindray,,604,,,,BC6200,10 กันยายน 2568,,,,ส่งผลสมบูรณ์,,HM 408,PHCH
247,00247,โรงพยาบาลเขาสมิง,R,2.3,1.9,65,5.4,18,78.4,23.4,30,,,,,,,,,,,(600) Mindray,,604,,,,BC6000,17 กันยายน 2568,,,,ส่งผลสมบูรณ์,,HM 202,PHCH
259,00259,โรงพยาบาลรามาธิบดี,R,2.31,1.76,48,5.3,18.2,78.6,22.9,29.1,,,,,,,,,,,(600) Mindray,,604,,,,6200,17 กันยายน 2568,,,,ส่งผลสมบูรณ์,,HM 731,GNPH
267,00267,โรงพยาบาลมวกเหล็ก,R,2.28,1.82,66,5.5,18.4,80.5,24.3,29.9,,,,,,,,,,,(600) Mindray,,604,,,,BC 6000,17 กันยายน 2568,,,,ส่งผลสมบูรณ์,,HM 930,PHCH
274,00274,โรงพยาบาลแกลง,R,2.31,1.99,62,5.4,18.6,80.7,23.5,29,,,,,,,,,,,(600) Mindray,,604,,,,BC6200,17 กันยายน 2568,-,,ตัวอย่าง A368 ชำรุด (Hemolysis) แจ้งขอใหม่แล้ว ได้รับ 23/09/2568 ผลที่ส่งนี้คือค่าที่ทำจากตัวอย่างใหม่ค่ะ,ส่งผลสมบูรณ์,ไฟล์แนบ HM368,HM 945,PHCH
294,00294,โรงพยาบาลสุไหงโก-ลก,R,2.29,1.8,49,5.5,17.6,76.9,23.9,31.3,,,,,,,,,,,(600) Mindray,,604,,,,BC-6000,17 กันยายน 2568,ระบบงานของ Slide digital แบบนำร่องมีความยุ่งยากในการใ้ชงาน เนื่องจากต้อง log-in เข้าระบบใหม่ และไม่สามรถเข้าได้ เพราะขึ้นว่า incorrect,,,ส่งผลสมบูรณ์,ไฟล์แนบ HM368,HM 123,PHGH
309,00309,โรงพยาบาลแปลงยาว,R,2.33,1.88,54,5.5,18.2,78.3,23.6,30.2,,,,,,,,,,,(600) Mindray,,604,,,,BC6000,17 กันยายน 2568,,,,ส่งผลสมบูรณ์,,HM 187,PHCH
337,00337,โรงพยาบาลมหาชนะชัย,R,2.3,1.94,62,5.4,18.1,78.7,23.5,29.8,,,,,,,,,,,(600) Mindray,,604,,-,,BC600,10 กันยายน 2568,,,,ส่งผลสมบูรณ์,,HM 450,PHCH
338,00338,โรงพยาบาลพานทอง,R,2.32,1.93,54,5.4,18.3,78.7,23.4,29.5,,,,,,,,,,,(600) Mindray,,604,,,,BC6200,17 กันยายน 2568,Blood smear เซลล์เก่าเกินไป สีไม่ชัดเจน,,,ส่งผลสมบูรณ์,,HM 179,PHCH
349,00349,โรงพยาบาลนครพิงค์,R,2.28,1.79,45,5.4,18.1,79.2,23.8,29.8,,,,,,,,,,,(600) Mindray,,604,,,,BC6200,10 กันยายน 2568,,,,ส่งผลสมบูรณ์,,HM 107,PHRH
355,00355,โรงพยาบาลบึงกาฬ,R,2.27,1.95,59,5.4,17.4,76.3,23.8,31.1,,,,,,,,,,,(600) Mindray,,604,,,,BC6800 Plus,10 กันยายน 2568,,,,ส่งผลสมบูรณ์,,HM 337,PHGH
369,00369,โรงพยาบาลพลับพลาชัย,R,2.23,1.9,80,5.4,23.8,106.8,24,22.7,,,,,,,,,,,(600) Mindray,,604,,,,BC6000,10 กันยายน 2568,,,,ส่งผลสมบูรณ์,,HM 957,PHCH
374,00374,โรงพยาบาลเจ้าพระยา,R,2.3,1.85,49,5.5,18,78,23.9,30.7,,,,,,,,,,,(600) Mindray,,604,,,,BC 6000,17 กันยายน 2568,,,,ส่งผลสมบูรณ์,,HM 1025,NGPH
375,00375,โรงพยาบาลศุภมิตร สุพรรณบุรี,R,2.33,1.88,45,5.6,18.7,80.3,23.9,29.9,,,,,,,,,,,(600) Mindray,,604,,,,BC6000,17 กันยายน 2568,,,,ส่งผลสมบูรณ์,,HM 788,NGPH
382,00382,โรงพยาบาลศิครินทร์,R,2.3,1.98,38,5.4,18.5,80.4,23.4,29.2,,,,,,,,,,,(600) Mindray,,604,,,,BC6200,17 กันยายน 2568,,,,ส่งผลสมบูรณ์,,HM 769,NGPH
413,00413,โรงพยาบาลสันป่าตอง,R,2.29,1.79,59,5.5,17.9,78.1,24.1,30.7,,,,,,,,,,,(600) Mindray,,604,,,,6800 plus,10 กันยายน 2568,,,,ส่งผลสมบูรณ์,ไฟล์แนบ HM368,HM 544,PHCH
425,00425,โรงพยาบาลวังสะพุง,R,2.33,1.86,64,5.4,18.5,79.2,23.1,29.2,,,,,,,,,,,(600) Mindray,,604,,,,BC6200,10 กันยายน 2568,,,,ส่งผลสมบูรณ์,,HM 329,PHCH
426,00426,โรงพยาบาลวิเชียรบุรี,R,2.3,1.95,58,5.5,18.4,80.2,23.9,29.9,,,,,,,,,,,(600) Mindray,,604,,,,BC6200,10 กันยายน 2568,,,,ส่งผลสมบูรณ์,,HM 504,PHCH
428,00428,โรงพยาบาลพุทธโสธร,R,2.32,1.83,46,5.4,18.4,79.3,23.3,29.3,,,,,,,,,,,(600) Mindray,,604,,,,BC6200,17 กันยายน 2568,,,,ส่งผลสมบูรณ์,,HM 76,PHGH
437,00437,โรงพยาบาลจอมทอง,R,2.31,1.82,40,5.4,18.1,78.2,23.3,29.8,,,,,,,,,,,(600) Mindray,,604,,,,BC6200,10 กันยายน 2568,,,,ส่งผลสมบูรณ์,,HM 545,PHCH
455,00456,โรงพยาบาลอุทุมพรพิสัย,R,2.33,1.96,29,5.5,18.9,81,23.7,29.1,,,,,,,,,,,(600) Mindray,,604,,,,BC6000,10 กันยายน 2568,วัตถุทดสอบ B368 Hemolysis,,วัตถุทดสอบ B368 Hemolysis,ส่งผลสมบูรณ์,,HM 438,PHCH
481,00482,โรงพยาบาลชุมแพ,R,2.31,1.88,55,5.4,18.6,80.5,23.3,29,,,,,,,,,,,(600) Mindray,,604,,,,BC6200,10 กันยายน 2568,,,,ส่งผลสมบูรณ์,,HM 309,PHCH
482,00483,โรงพยาบาลเลย,R,2.29,1.81,45,5.4,18.4,80.2,23.6,29.3,,,,,,,,,,,(600) Mindray,,604,,,,BC6000,10 กันยายน 2568,,,,ส่งผลสมบูรณ์,,HM 89,PHGH
483,00484,โรงพยาบาลสมเด็จพระยุพราชกุฉินารายณ์,R,2.34,1.71,57,5.5,18.3,78.3,23.5,30.1,,,,,,,,,,,(600) Mindray,,604,,,,BC6200,10 กันยายน 2568,,,,ส่งผลสมบูรณ์,,HM 971,PHCH
490,00491,โรงพยาบาลไพศาลี,R,2.15,1.97,55,5.1,17.4,81,23.9,29.3,,,,,,,,,,,(600) Mindray,,604,,,,BC6000,10 กันยายน 2568,ตัวสไลด์ C368 เม็ดเลือดขาวส่วนใหญ่แตกไปหมดแล้ว ค่อนข้างดูยากครับ,,,ส่งผลสมบูรณ์,,HM 460,PHCH
491,00492,โรงพยาบาลรวมแพทย์ พิษณุโลก,R,2.28,1.79,43,5.5,17.9,78.3,24.3,30.7,,,,,,,,,,,(600) Mindray,,604,,,,BC6000,10 กันยายน 2568,,,,ส่งผลสมบูรณ์,,HM 833,NGPH
492,00493,โรงพยาบาลพิษณุเวช,R,2.33,1.83,53,5.5,18.8,79.5,23.6,29.3,,,,,,,,,,,(600) Mindray,,604,,,,BC6200,10 กันยายน 2568,,,,ส่งผลสมบูรณ์,,HM 837,NGPH
498,00499,โรงพยาบาลนิคมคำสร้อย,R,2.26,1.8,44,5.4,17.9,79.3,23.9,30.2,,,,,,,,,,,(600) Mindray,,604,,,,BC6000,10 กันยายน 2568,,,,ส่งผลสมบูรณ์,,HM 415,PHCH
515,00516,โรงพยาบาลหนองบัวแดง,R,2.26,1.69,48,5.4,17.6,77.9,23.9,30.7,,,,,,,,,,,(600) Mindray,,604,,,,BC 6200,10 กันยายน 2568,,,,ส่งผลสมบูรณ์,,HM 271,PHCH
521,00522,โรงพยาบาลขาณุวรลักษบุรี,R,2.33,1.85,65,5.4,18.3,78.7,23.1,29.5,,,,,,,,,,,(600) Mindray,,604,,,,BC6200,10 กันยายน 2568,,,,ส่งผลสมบูรณ์,,HM 482,PHCH
531,00532,โรงพยาบาลโพนพิสัย,R,2.29,1.91,69,5.4,18.2,79.3,23.6,29.7,,,,,,,,,,,(600) Mindray,,604,,,,BC-6200,10 กันยายน 2568,,,,ส่งผลสมบูรณ์,,HM 339,PHCH
533,00534,โรงพยาบาลน่าน,R,2.33,1.81,45,5.4,18.7,80.4,23.2,28.9,,,,,,,,,,,(600) Mindray,,604,,,,BC6200,10 กันยายน 2568,,,,ส่งผลสมบูรณ์,,HM 106,PHGH
534,00535,โรงพยาบาลเจ้าพระยาอภัยภูเบศร,R,2.3,1.89,54,5.5,18.3,79.6,23.9,30.1,,,,,,,,,,,(600) Mindray,,604,,,,BC6200,17 กันยายน 2568,,,,ส่งผลสมบูรณ์,,HM 43,PHRH
535,00536,โรงพยาบาลเจ้าพระยายมราช,R,2.31,1.92,40,5.4,18.4,79.6,23.2,29.1,,,,,,,,,,,(600) Mindray,,604,,,,BC6200,17 กันยายน 2568,,,,ส่งผลสมบูรณ์,ไฟล์แนบ HM368,HM 40,PHRH
536,00537,โรงพยาบาลกำแพงแสน,R,2.27,1.87,42,5.4,19.2,84.6,23.8,28.1,,,,,,,,,,,(600) Mindray,,604,,,,BC 6200,17 กันยายน 2568,,,,ส่งผลสมบูรณ์,,HM 221,PHCH
537,00538,โรงพยาบาลร้อยเอ็ด-ธนบุรี,R,2.24,1.96,46,5.4,18,79.7,23.9,30.2,,,,,,,,,,,(600) Mindray,,604,,,,BC6800,10 กันยายน 2568,สไลด์ย้อม ดูยากมากค่ะ,,,ส่งผลสมบูรณ์,,HM 896,NGPH
539,00540,โรงพยาบาลสัตหีบ กม.10,R,2.33,1.87,44,5.5,18.7,80.1,23.4,29.4,,,,,,,,,,,(600) Mindray,,604,,,,BC6000,17 กันยายน 2568,,,,ส่งผลสมบูรณ์,,HM 180,PHCH
548,00549,โรงพยาบาลกุมภวาปี,R,2.31,1.89,108,5.3,24.3,105.4,22.9,21.8,,,,,,,,,,,(600) Mindray,,604,,,,BC 6200,10 กันยายน 2568,,,,ส่งผลสมบูรณ์,,HM 968,PHCH
550,00551,โรงพยาบาลสมเด็จพระพุทธเลิศหล้า,R,2.28,1.84,68,5.4,18.3,80.3,23.7,29.5,,,,,,,,,,,(600) Mindray,,604,,,,BC6200,17 กันยายน 2568,-,,,ส่งผลสมบูรณ์,,HM 86,PHGH
551,00552,โรงพยาบาลรือเสาะ,R,2.28,1.84,68,5.4,18.3,80.3,23.7,29.5,,,,,,,,,,,(600) Mindray,,604,,,,BC6200,17 กันยายน 2568,,,,ส่งผลสมบูรณ์,,HM 679,PHCH
552,00553,โรงพยาบาลสมเด็จพระยุพราชยะหา,R,2.28,1.8,46,5.3,18.2,79.7,23.4,29.1,,,,,,,,,,,(600) Mindray,,604,,,,BC6200,17 กันยายน 2568,,,B368 เครื่องไม่ออกผลค่า WBC,ส่งผลสมบูรณ์,,HM 664,PHCH
554,00555,โรงพยาบาลระแงะ (เครื่อง2),R,2.28,1.88,49,5.4,18,79,23.7,30,,,,,,,,,,,(600) Mindray,,604,,,,BC6200,17 กันยายน 2568,,,,ส่งผลสมบูรณ์,,HM 1881,PHCH
555,00556,โรงพยาบาลบางสะพาน,R,2.28,1.86,52,5.4,18.3,80.1,23.5,29.5,,,,,,,,,,,(600) Mindray,,604,,Mindray,BC,Mindray BC 6200,17 กันยายน 2568,ไม่มี,,,ส่งผลสมบูรณ์,,HM 238,PHCH
556,00557,โรงพยาบาลหลังสวน,R,2.34,1.89,54,5.5,19.2,81.9,23.5,28.6,,,,,,,,,,,(600) Mindray,,604,,,,BC6200,17 กันยายน 2568,,,,ส่งผลสมบูรณ์,,HM 613,PHCH
557,00558,โรงพยาบาลท่ายาง,R,2.24,1.71,54,5.4,18.1,80.9,24.1,29.8,,,,,,,,,,,(600) Mindray,,604,,,,BC 6200,17 กันยายน 2568,,,,ส่งผลสมบูรณ์,,HM 230,PHCH
573,00574,โรงพยาบาลบัวใหญ่,R,2.32,1.98,44,5.5,18.4,79.1,23.9,29.9,,,,,,,,,,,(600) Mindray,,604,,,,BC-6200,10 กันยายน 2568,,,,ส่งผลสมบูรณ์,,HM 247,NGPH
575,00576,โรงพยาบาลปักธงชัย,R,2.26,2.35,74,5.4,24.4,107.7,23.7,22,,,,,,,,,,,(600) Mindray,,604,,,,BC 6200,10 กันยายน 2568,ดี,,,ส่งผลสมบูรณ์,ไฟล์แนบ HM368,HM 253,PHCH
577,00578,โรงพยาบาลราชพฤกษ์,R,2.28,1.86,54,5.5,18.1,79.3,24.1,30.4,,,,,,,,,,,(600) Mindray,,604,,,,BC6200,10 กันยายน 2568,,,,ส่งผลสมบูรณ์,,HM 816,NGPH
624,00625,โรงพยาบาลมัญจาคีรี,R,2.19,1.83,65,5.3,25.4,116.2,24.2,20.9,,,,,,,,,,,(600) Mindray,,604,,,,BC6200,10 กันยายน 2568,,,,ส่งผลสมบูรณ์,,HM 314,PHCH
631,00632,โรงพยาบาลสมเด็จพระยุพราชฉวาง,R,2.29,1.6,56,5.4,18,78.5,23.5,30,,,,,,,,,,,(600) Mindray,,604,,,,BC-6200,17 กันยายน 2568,,,,ส่งผลสมบูรณ์,,HM 587,PHCH
632,00633,โรงพยาบาลคามิลเลียน,R,2.36,1.9,49,5.5,18.7,79.4,23.2,29.4,,,,,,,,,,,(600) Mindray,,604,,,,BC6200,17 กันยายน 2568,,,,ส่งผลสมบูรณ์,,HM 749,NGPH
633,00634,โรงพยาบาลรวมแพทย์ชัยนาท,R,2.31,1.91,63,5.4,18.4,79.7,23.5,29.5,,,,,,,,,,,(600) Mindray,,604,,,,BC6200,10 กันยายน 2568,,,,ส่งผลสมบูรณ์,,HM 787,NGPH
663,00664,โรงพยาบาลเซกา,R,2.22,1.85,60,5.3,25.1,113.2,23.8,21.1,,,,,,,,,,,(600) Mindray,,604,,,,BC6200,10 กันยายน 2568,slide differentailควรเพิ่มจำนวนเม็ดเลือดขาวให้มีความเหมาะสม คือไม่มากหรือน้อยเกินไป และมีการติดสีที่ชัดเจน,,,ส่งผลสมบูรณ์,,HM 340,PHCH
676,00677,โรงพยาบาลสุราษฎร์ธานี,R,2.31,1.91,62,5.4,18.2,79,23.4,29.7,,,,,,,,,,,(600) Mindray,,604,,,,BC6200,17 กันยายน 2568,ในสเมียร์พบเซลล์จำพวก pynotic cell และ degenerated cell เยอะค่ะ,,,ส่งผลสมบูรณ์,,HM 920,PHRH
681,00682,โรงพยาบาลเขื่องใน,R,2.26,1.82,35,5.4,18.1,79.9,23.7,29.8,,,,,,,,,,,(600) Mindray,,604,,,,BC6200,10 กันยายน 2568,,,,ส่งผลสมบูรณ์,,HM 390,PHCH
691,00692,นวมินทร์ 1 สหคลินิก,R,2.32,1.86,57,5.4,18.7,80.8,23.3,28.9,,,,,,,,,,,(600) Mindray,,604,,,,BC6000,17 กันยายน 2568,,,,ส่งผลสมบูรณ์,,HM 1932,NGPH
722,00723,โรงพยาบาลท่าเรือ,R,2.25,1.93,57,5.4,17.9,79.7,24.1,30.2,,,,,,,,,,,(600) Mindray,,604,,BC 6000,,BC 6000,17 กันยายน 2568,,,,ส่งผลสมบูรณ์,,HM 133,PHCH
726,00727,สถาบันบำราศนราดูร,R,2.33,1.78,51,5.5,18.4,79,23.5,29.9,,,,,,,,,,,(600) Mindray,,604,,,,BC6200,17 กันยายน 2568,,,,ส่งผลสมบูรณ์,,HM 16,DDC
730,00731,โรงพยาบาลสันทราย,R,2.32,1.82,66,5.6,18.6,80.2,23.8,29.6,,,,,,,,,,,(600) Mindray,,604,,,,BC 6200,10 กันยายน 2568,,,,ส่งผลสมบูรณ์,,HM 553,PHCH
749,00750,โรงพยาบาลบัวเชด,R,2.29,1.84,92,5.4,24,105,23.8,22.7,,,,,,,,,,,(600) Mindray,,604,,,,BC-6800,10 กันยายน 2568,,,,ส่งผลสมบูรณ์,,HM 297,PHCH
761,00762,โรงพยาบาลพระมงกุฎเกล้า,R,2.3,2.27,54,5.4,17.6,76.5,23.4,30.7,,,,,,,,,,,(600) Mindray,,604,,,,BC6800 Plus,17 กันยายน 2568,,,,ส่งผลสมบูรณ์,มีไฟล์แนบของ ศวก.1 เข้ามาด้วย,HM 1866,GNPH
770,00771,โรงพยาบาลจตุรพักตรพิมาน,R,2.36,1.8,62,5.4,18.8,79.5,23.1,28.7,,,,,,,,,,,(600) Mindray,,604,,,,BC6000,10 กันยายน 2568,,,,ส่งผลสมบูรณ์,,HM 428,PHCH
774,00776,โรงพยาบาลประโคนชัย,R,2.3,1.92,63,5.3,17.5,75.6,23.4,31,,,,,,,,,,,(600) Mindray,,604,,,,BC6800,10 กันยายน 2568,,,,ส่งผลสมบูรณ์,,HM 281,PHCH
776,00778,โรงพยาบาลหล่มสัก,R,2.27,1.81,52,5.4,18.1,79.7,23.9,29.8,,,,,,,,,,,(600) Mindray,,604,,BC6200,,BC6200,10 กันยายน 2568,,,,ส่งผลสมบูรณ์,,HM 507,PHCH
777,00779,โรงพยาบาลซีจีเอช (พหลโยธิน),R,2.29,1.87,41,5.4,18.5,80.6,23.7,29.2,,,,,,,,,,,(600) Mindray,,604,,,,BC6000,17 กันยายน 2568,,,,ส่งผลสมบูรณ์,,HM 770,NGPH
779,00781,โรงพยาบาลสิงห์บุรี,R,2.24,1.95,46,5.4,17.9,79.7,23.9,30.2,,,,,,,,,,,(600) Mindray,,604,,,,BC6000,17 กันยายน 2568,,,,ส่งผลสมบูรณ์,,HM 71,PHGH
780,00782,โรงพยาบาลมหาวิทยาลัยบูรพา,R,2.38,1.88,55,5.5,19.2,81.3,23.3,28.5,,,,,,,,,,,(600) Mindray,,604,,,,BC6200,17 กันยายน 2568,,,,ส่งผลสมบูรณ์,,HM 1610,GNPH
781,00783,สถาบันจิตเวชศาสตร์สมเด็จเจ้าพระยา,R,2.31,1.83,47,5.5,18.1,78.2,23.7,30.4,,,,,,,,,,,(600) Mindray,,604,,,,BC-6200,17 กันยายน 2568,,,วัตถุทดสอบหมายเลข B368 เสีย มีสีดำเข้ม ตรวจวัดค่าได้ค่าแปลก ๆ แจ้งขอตัวอย่างใหม่เรียบร้อยแล้ว,ส่งผลสมบูรณ์,,HM 19,DMH
782,00784,โรงพยาบาลสัตว์ประศุอาทร,R,2.27,2.02,93,5.4,25.9,114,23.9,20.8,,,,,,,,,,,(600) Mindray,,604,,,,BC75R vet,17 กันยายน 2568,,,,ส่งผลสมบูรณ์,,HM 1562,GNPH
784,00786,โรงพยาบาลบ่อไร่,R,2.33,1.74,52,5.5,18.5,79.4,23.6,29.7,,,,,,,,,,,(600) Mindray,,604,,,,BC6000,17 กันยายน 2568,,,,ส่งผลสมบูรณ์,,HM 199,PHCH
785,00787,โรงพยาบาลพระนารายณ์มหาราช,R,2.07,1.89,59,5.5,24.4,117.9,26.4,22.5,,,,,,,,,,,(600) Mindray,,604,,,,BC6200,17 กันยายน 2568,,,,ส่งผลสมบูรณ์,,HM 69,PHGH
786,00788,โรงพยาบาลเวชธานี,R,2.29,1.9,50,5.4,18.2,79.4,23.6,29.7,,,,,,,,,,,(600) Mindray,,604,,,,BC6000,17 กันยายน 2568,,,,ส่งผลสมบูรณ์,,HM 762,NGPH
787,00789,โรงพยาบาลเซนต์หลุยส์,R,2.26,1.81,51,5.4,18.1,80.1,23.9,29.8,,,,,,,,,,,(600) Mindray,,604,,,,BC6200,17 กันยายน 2568,,,,ส่งผลสมบูรณ์,,HM 1472,NGPH
788,00790,โรงพยาบาลชะอำ,R,2.35,1.92,65,5.5,18.2,78.4,23.5,30.2,,,,,,,,,,,(600) Mindray,,604,,,,BC6000,17 กันยายน 2568,,,,ส่งผลสมบูรณ์,,HM 232,PHCH
789,00791,โรงพยาบาลบางพลี,R,2.3,1.8,49,5.4,18.1,78.6,23.7,29.8,,,,,,,,,,,(600) Mindray,,604,,,,BC6200,17 กันยายน 2568,,,,ส่งผลสมบูรณ์,,HM 147,PHCH
790,00792,โรงพยาบาลพนัสนิคม,R,2.29,1.97,47,5.5,18.6,81.2,23.7,29.3,,,,,,,,,,,(600) Mindray,,604,,,,BC6200,17 กันยายน 2568,,,,ส่งผลสมบูรณ์,,HM 176,PHCH
791,00793,โรงพยาบาลหัวหิน,R,2.28,1.88,60,5.5,18.4,80.7,24.1,29.9,,,,,,,,,,,(600) Mindray,,604,,,,BC6200,17 กันยายน 2568,,,,ส่งผลสมบูรณ์,,HM 236,PHGH
792,00794,โรงพยาบาลดำเนินสะดวก,R,2.36,1.86,46,5.5,18.7,79.3,23.3,29.4,,,,,,,,,,,(600) Mindray,,604,,,,BC6200,17 กันยายน 2568,,,,ส่งผลสมบูรณ์,,HM 1690,PHGH
793,00795,โรงพยาบาลโพธาราม,R,2.28,1.85,64,5.4,19,83.4,23.8,28.4,,,,,,,,,,,(600) Mindray,,604,,,,BC6200,17 กันยายน 2568,,,,ส่งผลสมบูรณ์,,HM 1261,PHGH
794,00796,โรงพยาบาลบ่อทอง,R,2.27,1.8,56,5.4,19.2,84.7,23.7,28.1,,,,,,,,,,,(600) Mindray,,604,,,,BC6000,17 กันยายน 2568,,,,ส่งผลสมบูรณ์,,HM 181,PHCH
797,00799,โรงพยาบาลศรีสังวรสุโขทัย,R,2.29,1.91,62,5.5,18.4,80,24,30,,,,,,,,,,,(600) Mindray,,604,,,,BC6200,10 กันยายน 2568,,,,ส่งผลสมบูรณ์,,HM 101,PHGH
798,00800,โรงพยาบาลสุโขทัย,R,2.28,1.83,54,5.5,18.4,80.9,24.1,29.9,,,,,,,,,,,(600) Mindray,,604,,,,BC6200,10 กันยายน 2568,,,,ส่งผลสมบูรณ์,มีไฟล์แนบของ ศวก.2 เข้ามาด้วย,HM 100,PHGH
799,00801,โรงพยาบาลเทพรัตน์นครราชสีมา,R,2.23,1.88,43,5.3,18.1,81.1,23.6,29.3,,,,,,,,,,,(600) Mindray,,604,,,,BC-6200,10 กันยายน 2568,,,,ส่งผลสมบูรณ์,,HM 1341,PHCH
800,00802,โรงพยาบาลค่ายสมเด็จพระนเรศวรมหาราช,R,2.29,1.92,59,5.5,18,78.8,24.1,30.6,,,,,,,,,,,(600) Mindray,,604,,,,BC-6200,10 กันยายน 2568,,,,ส่งผลสมบูรณ์,,HM 1273,GNPH
801,00803,โรงพยาบาลสมเด็จพระสังฆราชองค์ที่ 19,R,2.36,1.87,52,5.5,18.9,80.2,23.3,29.1,,,,,,,,,,,(600) Mindray,,604,,,,BC6200,17 กันยายน 2568,,,,ส่งผลสมบูรณ์,,HM 947,PHCH
802,00804,โรงพยาบาลสมเด็จพระยุพราชหล่มเก่า,R,2.36,1.88,46,5.4,19.1,8.09,23,28.3,,,,,,,,,,,(600) Mindray,,604,,,,BC6000,10 กันยายน 2568,,,,ส่งผลสมบูรณ์,,HM 503,PHCH
803,00805,โรงพยาบาลอู่ทอง,R,2.24,1.68,42,5.5,16.7,80,24.1,30,,,,,,,,,,,(600) Mindray,,604,,,,BC 6000,17 กันยายน 2568,,,,ส่งผลสมบูรณ์,,HM 169,PHCH
804,00806,โรงพยาบาลสมเด็จพระสังฆราช องค์ที่ 17,R,2.27,1.76,82,5.4,25.2,111.2,24,21.4,,,,,,,,,,,(600) Mindray,,604,,,,BC6000,17 กันยายน 2568,,,,ส่งผลสมบูรณ์,,HM 75,PHGH
805,00807,โรงพยาบาลวารินชำราบ,R,2.33,1.74,65,5.4,18.4,78.9,23.2,29.4,,,,,,,,,,,(600) Mindray,,604,,,,BC6000, BC6200,10 กันยายน 2568,,,,ส่งผลสมบูรณ์,,HM 394,PHCH
807,00809,โรงพยาบาลอุตรดิตถ์,R,2.24,1.94,43,5.4,18.3,81.6,24.2,29.5,,,,,,,,,,,(600) Mindray,,604,,,,BC6000,10 กันยายน 2568,,,,ส่งผลสมบูรณ์,,HM 1732,PHRH
809,00811,โรงพยาบาลกุดชุม,R,2.29,1.87,49,5.5,18.3,79.8,24.1,30.1,,,,,,,,,,,(600) Mindray,,604,,,,BC6000,10 กันยายน 2568,,,,ส่งผลสมบูรณ์,,HM 449,PHCH
810,00812,โรงพยาบาลเพชรบูรณ์,R,2.38,1.72,47,5.5,19,80,23,28.9,,,,,,,,,,,(600) Mindray,,604,,Mindray,BC6200,BC6200,10 กันยายน 2568,,,,ส่งผลสมบูรณ์,,HM 104,PHGH
811,00813,โรงพยาบาลพิบูลมังสาหาร,R,2.21,1.86,60,5.5,18.7,81,23.8,29.4,,,,,,,,,,,(600) Mindray,,604,,Mindray,,BC6200,10 กันยายน 2568,,,,ส่งผลสมบูรณ์,,HM 1080,PHCH
812,00814,โรงพยาบาลสมเด็จพระยุพราชเลิงนกทา,R,2.31,1.81,57,5.5,18.3,79.3,23.8,30.1,,,,,,,,,,,(600) Mindray,,604,,,,BC6200,10 กันยายน 2568,,,,ส่งผลสมบูรณ์,มีไฟล์แนบของ ศวก.2 เข้ามาด้วย,HM 448,PHCH
813,00815,โรงพยาบาลป่าบอน,R,2.24,2.19,58,5.3,17.3,77.1,23.8,30.9,,,,,,,,,,,(600) Mindray,,604,,,,BC6000,17 กันยายน 2568,,,,ส่งผลสมบูรณ์,,HM 652,PHCH
817,00819,โรงพยาบาลกาญจนดิษฐ์,R,2.32,1.74,82,5.4,26.1,112.4,23.4,20.7,,,,,,,,,,,(600) Mindray,,604,,,,BC6000,17 กันยายน 2568,,,,ส่งผลสมบูรณ์,,HM 604,PHCH
818,00820,โรงพยาบาล ๕๐ พรรษา มหาวชิราลงกรณ (เครื่อง1),R,2.31,1.82,56,5.5,18.4,79.7,23.7,29.9,,,,,,,,,,,(600) Mindray,,604,,,,BC6200,10 กันยายน 2568,-,,,ส่งผลสมบูรณ์,,HM 1102,PHCH
819,00821,โรงพยาบาล ๕๐ พรรษา มหาวชิราลงกรณ (เครื่อง2),R,2.3,1.83,53,5.5,18.4,79.9,23.7,29.9,,,,,,,,,,,(600) Mindray,,604,,,,BC6200,10 กันยายน 2568,-,,,ส่งผลสมบูรณ์,,HM 1930,PHCH
820,00822,โรงพยาบาลวชิระภูเก็ต,R,2.33,1.89,49,5.5,18.6,79.9,23.6,29.6,,,,,,,,,,,(600) Mindray,,604,,,,BC 6200,17 กันยายน 2568,-,,,ส่งผลสมบูรณ์,,HM 115,PHRH
821,00823,โรงพยาบาลกระบี่,R,2.3,1.84,52,5.4,18.4,80.2,23.6,29.3,,,,,,,,,,,(600) Mindray,,604,,,,BC6000,17 กันยายน 2568,,,,ส่งผลสมบูรณ์,,HM 116,PHGH
823,00825,โรงพยาบาลเฉลิมพระเกียรติ สมเด็จพระเทพรัตนราชสุดาฯ สยามบรมราชกุมารี ระยอง (เครื่อง1),R,2.36,1.83,48,5.6,18.9,80.2,23.5,29.6,,,,,,,,,,,(600) Mindray,,604,,,,BC-6200,17 กันยายน 2568,,,,ส่งผลสมบูรณ์,,HM 1032,PHCH
824,00826,โรงพยาบาลเฉลิมพระเกียรติ สมเด็จพระเทพรัตนราชสุดาฯ สยามบรมราชกุมารี ระยอง (เครื่อง2),R,2.36,1.87,49,5.5,18.7,79.2,23.3,29.4,,,,,,,,,,,(600) Mindray,,604,,,,BC-6200,17 กันยายน 2568,,,,ส่งผลสมบูรณ์,,HM 1693,PHCH
833,00835,โรงพยาบาลละหานทราย,R,2.21,1.87,70,5.3,23.1,104.4,24,22.9,,,,,,,,,,,(600) Mindray,,604,,,,BC6200,10 กันยายน 2568,,,,ส่งผลสมบูรณ์,,HM 283,PHCH
847,00849,โรงพยาบาลขุขันธ์,R,2.25,1.83,49,5.4,18,80,24.1,30,,,,,,,,,,,(600) Mindray,,604,,,,BC6200,10 กันยายน 2568,,,,ส่งผลสมบูรณ์,,HM 437,PHCH
850,00852,โรงพยาบาลเชียงรายประชานุเคราะห์ (เครื่อง1),R,2.24,1.95,45,5.4,17.9,79.9,24.1,30.2,,,,,,,,,,,(600) Mindray,,604,,,,BC6200,10 กันยายน 2568,ระบบรอบนี้ดีมากค่ะ สามารถบันทึกก่อนได้ ไม่มีปัญหาเหมือนครั้งก่อนๆ,,B368 Sample Hemolysis,ส่งผลสมบูรณ์,,HM 54,PHRH
851,00853,โรงพยาบาลเชียงรายประชานุเคราะห์ (เครื่อง2),R,2.34,1.87,45,5.4,18.6,79.7,23.2,29,,,,,,,,,,,(600) Mindray,,604,,,,BC6200,10 กันยายน 2568,,,B368 Sample Hemolysis,ส่งผลสมบูรณ์,,HM 1823,PHRH
853,00855,โรงพยาบาลขุนหาญ,R,2.23,1.83,63,5.4,22.7,79.3,24.2,30.4,,,,,,,,,,,(600) Mindray,,604,,,,BC-6200,10 กันยายน 2568,,,,ส่งผลสมบูรณ์,,HM 436,PHCH
854,00856,โรงพยาบาลมุกดาหาร,R,2.29,1.86,57,5.4,18.7,81.7,23.7,28.9,,,,,,,,,,,(600) Mindray,,604,,,,BC-6200,10 กันยายน 2568,,,,ส่งผลสมบูรณ์,,HM 95,PHGH
856,00858,โรงพยาบาลทุ่งสง,R,2.25,1.93,62,5.4,18.1,80.4,24,29.8,,,,,,,,,,,(600) Mindray,,604,,,,BC6200,17 กันยายน 2568,,,,ส่งผลสมบูรณ์,ไฟล์แนบ HM368,HM 994,PHCH
862,00864,โรงพยาบาลกันทรารมย์,R,2.27,1.88,42,5.4,18.1,79.6,23.9,29.8,,,,,,,,,,,(600) Mindray,,604,,,,BC6200,10 กันยายน 2568,,,,ส่งผลสมบูรณ์,,HM 439,PHCH
884,00886,โรงพยาบาลรัตนบุรี,R,2.23,2.07,55,5.4,17.8,79.7,24.3,30.5,,,,,,,,,,,(600) Mindray,,604,,,,Mindray BC6200,10 กันยายน 2568,-,,,ส่งผลสมบูรณ์,,HM 1076,PHCH
921,00923,โรงพยาบาลพระพุทธบาท,R,2.29,1.92,59,5.5,18.3,80,24,30.1,,,,,,,,,,,(600) Mindray,,604,,,,BC6000,17 กันยายน 2568,,,,ส่งผลสมบูรณ์,,HM 1824,PHGH
949,00952,โรงพยาบาลราชเวช เชียงใหม่,R,2.33,1.83,63,5.4,27.5,118.1,23.2,19.6,,,,,,,,,,,(600) Mindray,,604,,,,BC6200,10 กันยายน 2568,,,วัตถุทดสอบรหัส A368 ค่า MCV สูงเกินปกติ,ส่งผลสมบูรณ์,,HM 1289,NGPH
966,00969,บริษัท โรงพยาบาลอินเตอร์เมดิคัล แคร์ แอนด์ แล็บ จำกัด(มหาชน),R,2.3,1.85,54,5.4,18.5,80.3,23.8,29.4,,,,,,,,,,,(600) Mindray,,604,,,,BC6800,17 กันยายน 2568,,,,ส่งผลสมบูรณ์,,HM 885,NGPH
976,00979,โรงพยาบาลสวรรค์ประชารักษ์,R,2.29,1.83,53,5.4,18.2,79.4,23.5,29.7,,,,,,,,,,,(600) Mindray,,604,,,,BC6200,10 กันยายน 2568,,,,ส่งผลสมบูรณ์,มีไฟล์แนบของ ศวก.2 เข้ามาด้วย,HM 51,PHRH
1013,01016,บริษัท แอคคิวฟาส แล็บ เซ็นเตอร์ จำกัด,R,2.3,1.85,55,5.4,18.5,80.4,23.8,29.4,,,,,,,,,,,(600) Mindray,,604,,,,BC6000,17 กันยายน 2568,,,,ส่งผลสมบูรณ์,,HM 882,NGPH
1069,01074,โรงพยาบาลบางใหญ่,R,2.3,1.87,39,5.5,18.4,79.9,23.9,29.9,,,,,,,,,,,(600) Mindray,,604,,,,BC6200,17 กันยายน 2568,,,,ส่งผลสมบูรณ์,,HM 127,PHCH
1081,01086,โรงพยาบาลนครนายก,R,2.34,1.83,58,5.5,18.9,80.9,23.6,29.1,,,,,,,,,,,(600) Mindray,,604,,,,BC6200,17 กันยายน 2568,,,,ส่งผลสมบูรณ์,,HM 1851,PHGH
1093,01100,โรงพยาบาลโพนนาแก้ว,R,2.3,1.86,57,5.4,18.5,80.3,23.6,29.2,,,,,,,,,,,(600) Mindray,,604,,,,BC6000,10 กันยายน 2568,,,,ส่งผลสมบูรณ์,,HM 377,PHCH
1094,01101,โรงพยาบาลร้อยเอ็ด,R,2.15,1.87,45,5.5,17.2,80.2,25.6,32,,,,,,,,,,,(600) Mindray,,604,,,,BC-6000,10 กันยายน 2568,,,,ส่งผลสมบูรณ์,,HM 96,PHGH
1096,01103,โรงพยาบาลอรัญประเทศ,R,2.35,1.94,41,5.6,19.1,81.1,23.8,29.3,,,,,,,,,,,(600) Mindray,,604,,,,BC6000,17 กันยายน 2568,,,,ส่งผลสมบูรณ์,,HM 940,PHCH
1097,01104,โรงพยาบาลนวมินทร์ 9,R,2.21,1.79,77,5.4,25.2,114.3,24.4,21.4,,,,,,,,,,,(600) Mindray,,604,,,,BC6000,17 กันยายน 2568,,,A368 และฺ368 เสีย,ส่งผลสมบูรณ์,,HM 1259,NGPH
1098,01105,โรงพยาบาลถลาง,R,2.33,1.81,58,5.5,18.7,80.4,23.8,29.4,,,,,,,,,,,(600) Mindray,,604,,,,BC6200,17 กันยายน 2568,,,,ส่งผลสมบูรณ์,,HM 627,PHCH
1100,01107,โรงพยาบาลปิยะเวท,R,2.34,1.73,55,5.4,18.3,78.1,23.1,29.5,,,,,,,,,,,(600) Mindray,,604,,,,BC6200,17 กันยายน 2568,,,,ส่งผลสมบูรณ์,,HM 1234,NGPH
1101,01108,โรงพยาบาลมะการักษ์,R,2.26,1.97,55,5.4,18.3,80.9,23.8,29.5,,,,,,,,,,,(600) Mindray,,604,,,,BC6200,17 กันยายน 2568,,,,ส่งผลสมบูรณ์,มีไฟล์แนบของ ศวก.1 เข้ามาด้วย,HM 82,PHGH
1102,01109,โรงพยาบาลดอนตูม,R,2.25,1.77,35,5.5,17.7,78.5,24.3,31.1,,,,,,,,,,,(600) Mindray,,604,,,,BC 6000,17 กันยายน 2568,,,,ส่งผลสมบูรณ์,,HM 222,PHCH
1123,01130,โรงพยาบาลคอนสาร,R,2.34,1.86,50,5.5,18.6,79.7,23.4,29.6,,,,,,,,,,,(600) Mindray,,604,,,,BC6200,10 กันยายน 2568,,,,ส่งผลสมบูรณ์,,HM 275,PHCH
1126,01133,โรงพยาบาลชลบุรี,R,2.38,1.79,55,5.3,27.2,114.3,22.3,19.5,,,,,,,,,,,(600) Mindray,,604,,,,BC6200,17 กันยายน 2568,,,,ส่งผลสมบูรณ์,,HM 42,PHRH
1153,01161,โรงพยาบาลศูนย์การแพทย์มหาวิทยาลัยแม่ฟ้าหลวง,R,2.29,1.85,62,5.4,18.1,78.9,23.5,29.8,,,,,,,,,,,(600) Mindray,,604,,,,BC6200,10 กันยายน 2568,-,,,ส่งผลสมบูรณ์,,HM 1768,GNPH
1162,01170,โรงพยาบาลมหาวิทยาลัยเทคโนโลยีสุรนารี (เครื่อง1),R,2.28,1.96,50,5.4,18.1,79.2,23.8,29.8,,,,,,,,,,,(600) Mindray,,604,,,,6200,10 กันยายน 2568,,,,ส่งผลสมบูรณ์,,HM 1355,NGPH
1164,01172,โรงพยาบาลมหาวิทยาลัยเทคโนโลยีสุรนารี (เครื่อง2),R,2.28,1.84,40,5.5,18.3,80.2,24.1,30.1,,,,,,,,,,,(600) Mindray,,604,,,,BC6200,10 กันยายน 2568,,,,ส่งผลสมบูรณ์,,HM 1789,NGPH
1171,01179,โรงพยาบาลแพร่,R,2.3,2.01,46,5.4,18.4,79.8,23.5,29.3,,,,,,,,,,,(600) Mindray,,604,,,,BC6200,10 กันยายน 2568,,,,ส่งผลสมบูรณ์,,HM 105,PHGH
1176,01184,โรงพยาบาลคลองหลวง,R,2.28,1.79,90,5.4,25.8,113,23.6,20.9,,,,,,,,,,,(600) Mindray,,604,,,,BC6000,17 กันยายน 2568,-,,,ส่งผลสมบูรณ์,,HM 927,PHCH
1186,01194,โรงพยาบาลราษีไศล,R,2.32,2.03,46,5.5,18.4,79.5,23.7,29.9,,,,,,,,,,,(600) Mindray,,604,,,,BC6200,10 กันยายน 2568,,,,ส่งผลสมบูรณ์,,HM 435,PHCH
