Lab Code,Report,Measured RBC,Measured WBC,Measured PLT,Measured Hb,Measured Hct,Measured MCV,Measured MCH,Measured MCHC,Reference RBC,Reference WBC,Reference PLT,Reference Hb,Reference Hct,Reference MCV,Reference MCH,Reference MCHC,Brand Code,Model Code,Model Name,Type,Submission Date,Remarks,Source
00007,บริษัท เดอะโลตัส แอซเซอร์ เซ็นเตอร์ ฟอร์ เมดิคอล จำกัด,,2.30,2,61.0,5.4,17.7,77.0,23.5,,5.43,24,512.0,15.3,48.8,89.9,28.2,(600) Mindray,600,,ส่งผลสมบูรณ์,BC760,17 กันยายน 2568,Combined
00009,โรงพยาบาลยันฮี (เครื่อง2),,2.28,2,60.0,5.4,17.4,76.4,23.6,,5.27,22,531.0,15.4,46.4,88.0,29.3,(600) Mindray,600,,ส่งผลสมบูรณ์,BC5180,17 กันยายน 2568,Combined
00011,บริษัท ศูนย์แพทย์อาชีวเวชศาสตร์กรุงเทพ จำกัด,,2.30,2,41.0,5.5,18.5,80.2,23.8,,5.29,19,500.0,15.4,48.2,91.1,29.1,(600) Mindray,600,,ส่งผลสมบูรณ์,BC6000,17 กันยายน 2568,Combined
00021,โรงพยาบาลพรหมพิราม,,2.29,3,57.0,5.5,18.2,79.7,23.7,,5.31,18,525.0,15.2,48.2,90.8,28.6,(600) Mindray,มีไฟล์แนบของ ศวก.6 เข้ามาด้วย,,ส่งผลสมบูรณ์,BC 6200,10 กันยายน 2568,Combined
00024,บริษัท กรุงเทพ พยาธิ-แลป จำกัด,,2.28,2,60.0,5.4,17.8,77.9,23.7,,5.22,22,528.0,15.5,46.5,89.3,29.1,(600) Mindray,600,,ส่งผลสมบูรณ์,BC5180,17 กันยายน 2568,Combined
00027,คลินิกเทคนิคการแพทย์ เอ็น เอ บี,,2.29,2,68.0,5.4,17.3,75.9,23.6,,5.22,22,510.0,15.4,45.7,87.4,29.5,(600) Mindray,มีไฟล์แนบของ ศวก.2 เข้ามาด้วย,,ส่งผลสมบูรณ์,BC5180,10 กันยายน 2568,Combined
00029,โรงพยาบาลแหลมงอบ,,2.25,2,87.0,5.3,23.3,103.6,23.7,,5.35,22,530.0,15.6,48.0,89.7,29.1,(600) Mindray,600,,ส่งผลสมบูรณ์,BC-5380,17 กันยายน 2568,Combined
00031,โรงพยาบาลชะอวด,,2.28,2,62.0,5.3,17.2,75.8,23.4,,5.14,22,515.0,15.0,44.8,87.2,29.2,(600) Mindray,600,,ส่งผลสมบูรณ์,BC5180,17 กันยายน 2568,Combined
00034,โรงพยาบาลตรอน,,2.33,2,65.0,5.5,17.7,76.0,23.6,,5.35,1,537.0,15.5,46.8,88.0,29.0,(600) Mindray,600,,ส่งผลสมบูรณ์,BC760,10 กันยายน 2568,Combined
00035,โรงพยาบาลหนองจิก,,2.31,2,42.0,5.5,18.5,79.9,23.9,,5.21,18,496.0,15.3,46.4,89.0,29.4,(600) Mindray,600,,ส่งผลสมบูรณ์,BC 6200,17 กันยายน 2568,Combined
00038,โรงพยาบาลรวมแพทย์ฉะเชิงเทรา,,2.31,2,55.0,5.5,18.9,81.9,23.8,,5.31,18,522.0,15.5,48.4,91.1,29.2,(600) Mindray,600,,ส่งผลสมบูรณ์,BC6000,17 กันยายน 2568,Combined
00041,บริษัท ไลฟ์ ไดแอ็ก จำกัด,,2.29,2,59.0,5.4,17.7,77.1,23.9,,5.17,22,513.0,15.1,45.5,87.9,29.5,(600) Mindray,600,,ส่งผลสมบูรณ์,BC5180,17 กันยายน 2568,Combined
00042,บริษัท โปร อินเตอร์ แลบ จำกัด,,2.29,2,51.0,5.4,17.3,75.8,23.7,,5.20,22,473.0,15.2,45.1,86.9,29.3,(600) Mindray,600,,ส่งผลสมบูรณ์,BC 5180,17 กันยายน 2568,Combined
00043,โรงพยาบาลบ้านโฮ่ง,,2.27,2,52.0,5.4,17.4,76.7,23.9,,4.50,5,523.0,15.3,58.5,129.9,34.0,(600) Mindray,600,,ส่งผลสมบูรณ์,BC760,10 กันยายน 2568,Combined
00044,ศูนย์อนามัยที่ 1 เชียงใหม่,,2.18,2,59.0,5.3,16.8,77.0,24.5,,5.20,22,516.0,14.9,46.7,89.7,28.7,(600) Mindray,600,,ส่งผลสมบูรณ์,BC780,10 กันยายน 2568,Combined
00045,โรงพยาบาลสมเด็จพระเจ้าตากสินมหาราช,,2.34,2,56.0,5.4,18.8,80.0,23.1,,5.39,19,528.0,15.4,48.9,90.7,28.4,(600) Mindray,600,,ส่งผลสมบูรณ์,BC6200,10 กันยายน 2568,Combined
00046,โรงพยาบาลบางบ่อ,,5.35,19,539.0,15.3,47.6,89.0,28.6,,2.25,2,62.0,5.4,17.8,79.2,23.8,(600) Mindray,600,,ส่งผลสมบูรณ์,BC6200,17 กันยายน 2568,Combined
00047,โรงพยาบาลทหารอากาศ(สีกัน),,2.23,2,57.0,5.3,17.2,77.2,23.7,,5.28,24,520.0,15.2,47.7,90.2,28.9,(600) Mindray,600,,ส่งผลสมบูรณ์,BC 760,17 กันยายน 2568,Combined
00048,โรงพยาบาลหนองเสือ,,2.29,2,58.0,5.5,17.7,77.1,23.8,,5.19,22,530.0,15.3,45.9,88.4,29.5,(600) Mindray,600,,ส่งผลสมบูรณ์,BC 5180,17 กันยายน 2568,Combined
00049,โรงพยาบาลนนทเวช,,2.33,2,51.0,5.6,18.4,78.9,23.9,,5.38,18,528.0,15.2,16.5,86.4,28.2,(600) Mindray,600,,ส่งผลสมบูรณ์,BC6200,17 กันยายน 2568,Combined
00050,โรงพยาบาลหันคา,,2.23,2,68.0,5.4,16.8,75.7,24.4,,5.13,21,528.0,15.2,45.0,87.8,29.7,(600) Mindray,มีไฟล์แนบของ ศวก.2 เข้ามาด้วย,,ส่งผลสมบูรณ์,BC5180,10 กันยายน 2568,Combined
00051,โรงพยาบาลพบพระ,,2.23,2,53.0,5.3,17.3,77.7,23.6,,5.26,18,526.0,15.2,46.6,88.6,28.9,(600) Mindray,600,,ส่งผลสมบูรณ์,BC760,10 กันยายน 2568,Combined
00052,โรงพยาบาลรวมแพทย์สุโขทัย,,2.25,2,89.0,5.3,23.0,102.2,23.5,,5.20,22,523.0,15.0,46.0,88.4,28.8,(600) Mindray,มีไฟล์แนบของ ศวก.2 เข้ามาด้วย,,ส่งผลสมบูรณ์,BC5300,10 กันยายน 2568,Combined
00053,บริษัทศูนย์ห้องปฏิบัติการและวิจัยทางการแพทย์แห่งเอเซีย จำกัด(โรงพยาบาลลาดพร้าว) (เครื่อง1),,2.34,2,49.0,5.5,18.8,80.3,23.5,,5.48,19,538.0,15.5,49.5,90.4,28.3,(600) Mindray,มีไฟล์แนบของ ศวก.5 เข้ามาด้วย,,ส่งผลสมบูรณ์,BC-6200,17 กันยายน 2568,Combined
00055,โรงพยาบาลผักไห่,,2.32,2,60.0,5.6,17.8,76.5,24.0,,5.16,22,515.0,15.4,44.7,86.8,29.8,(600) Mindray,600,,ส่งผลสมบูรณ์,BC5180,17 กันยายน 2568,Combined
00058,โรงพยาบาลเวชศาสตร์เขตร้อน,,2.30,2,38.0,5.4,18.3,79.4,23.6,,5.39,18,545.0,15.4,48.3,89.6,28.6,(600) Mindray,ไฟล์แนบ HM368,,ส่งผลสมบูรณ์,BC 6200,17 กันยายน 2568,Combined
00064,โรงพยาบาลพาน,,2.33,2,60.0,5.6,18.5,79.2,23.9,,5.30,18,560.0,15.4,47.1,88.9,29.1,(600) Mindray,600,,ส่งผลสมบูรณ์,BC6200,10 กันยายน 2568,Combined
00065,โรงพยาบาลเทิง,,2.11,1,78.0,5.3,22.3,105.3,24.9,,5.20,6,509.0,15.4,48.0,92.3,29.5,(600) Mindray,600,,ส่งผลสมบูรณ์,BC 760,10 กันยายน 2568,Combined
00069,โรงพยาบาลสรรพสิทธิประสงค์,,2.32,2,49.0,5.4,18.2,78.6,23.4,,5.38,18,530.0,15.3,48.3,89.8,28.4,(600) Mindray,600,,ส่งผลสมบูรณ์,BC6200,10 กันยายน 2568,Combined
00077,โรงพยาบาลคีรีมาศ,,2.16,2,49.0,5.3,16.6,76.7,24.6,,5.18,24,485.0,15.2,47.2,91.2,29.4,(600) Mindray,มีไฟล์แนบของ ศวก.2 เข้ามาด้วย,,ส่งผลสมบูรณ์,BC760,10 กันยายน 2568,Combined
00082,โรงพยาบาลเวียงแหง,,2.07,2,78.0,5.3,23.1,111.7,25.6,,4.07,21,572.0,15.9,54.4,133.7,39.2,(600) Mindray,600,,ส่งผลสมบูรณ์,BC 760,10 กันยายน 2568,Combined
00084,โรงพยาบาลชัยภูมิรวมแพทย์,,1.88,2,87.0,5.0,18.0,96.2,26.5,,5.07,21,489.0,14.9,43.2,85.4,29.3,(600) Mindray,600,,ส่งผลสมบูรณ์,Mindray BC 3000 Plus,10 กันยายน 2568,Combined
00085,โรงพยาบาลวังน้อย,,2.31,2,68.0,5.4,19.7,85.2,23.5,,5.36,18,525.0,15.2,48.8,91.0,28.3,(600) Mindray,600,,ส่งผลสมบูรณ์,BC-6200,17 กันยายน 2568,Combined
00094,โรงพยาบาลจุฬารัตน์ 3 อินเตอร์,,2.34,2,61.0,5.5,18.3,78.4,23.5,,5.43,20,526.0,15.1,47.6,87.7,27.8,(600) Mindray,600,,ส่งผลสมบูรณ์,BC6200,17 กันยายน 2568,Combined
00095,คณะทันตแพทยศาสตร์ จุฬาลงกรณ์มหาวิทยาลัย,,2.28,2,71.0,5.4,17.1,75.4,23.6,,5.19,22,501.0,15.6,45.4,87.6,30.0,(600) Mindray,600,,ส่งผลสมบูรณ์,BC 3000 plus,17 กันยายน 2568,Combined
00096,โรงพยาบาลฝาง,,2.35,2,59.0,5.5,18.5,78.9,23.3,,5.42,19,525.0,15.5,48.9,90.3,28.6,(600) Mindray,600,,ส่งผลสมบูรณ์,BC6000,10 กันยายน 2568,Combined
00099,โรงพยาบาลยางตลาด,,2.18,2,65.0,5.5,17.2,78.8,25.2,,5.33,22,536.0,15.7,48.4,90.8,29.5,(600) Mindray,600,,ส่งผลสมบูรณ์,BC5180,10 กันยายน 2568,Combined
00100,โรงพยาบาลแม่ฟ้าหลวง,,2.19,2,64.0,5.4,16.9,77.1,24.5,,5.18,23,500.0,15.3,45.8,88.5,29.5,(600) Mindray,600,,ส่งผลสมบูรณ์,BC760,10 กันยายน 2568,Combined
00104,โรงพยาบาลปากพลี,,2.34,2,107.0,5.2,26.6,113.5,22.6,,5.14,22,506.0,15.4,48.4,94.1,30.0,(600) Mindray,600,,ส่งผลสมบูรณ์,BC5300,17 กันยายน 2568,Combined
00110,โรงพยาบาลห้วยคต,,2.32,2,61.0,5.5,18.5,79.7,23.7,,5.38,21,495.0,15.5,49.1,91.3,28.8,(600) Mindray,600,,ส่งผลสมบูรณ์,BC5380,10 กันยายน 2568,Combined
00111,โรงพยาบาลแม่ระมาด,,2.34,2,62.0,5.6,18.1,77.4,24.1,,5.26,18,543.0,15.1,46.9,89.2,28.8,(600) Mindray,600,,ส่งผลสมบูรณ์,BC-760,10 กันยายน 2568,Combined
00114,โรงพยาบาลประสาทเชียงใหม่,,2.26,2,63.0,5.4,17.3,76.6,24.0,,5.26,19,498.0,15.5,46.7,88.7,29.4,(600) Mindray,600,,ส่งผลสมบูรณ์,760,10 กันยายน 2568,Combined
00117,โรงพยาบาล จุฬารัตน์ 11,,2.26,2,76.0,5.4,17.2,76.1,23.9,,5.48,19,522.0,15.6,48.9,89.3,28.5,(600) Mindray,600,,ส่งผลสมบูรณ์,BC6000,17 กันยายน 2568,Combined
00121,โรงพยาบาลลี้,,2.28,2,55.0,5.4,17.5,76.5,23.6,,4.44,0,567.0,15.3,57.5,129.5,34.4,(600) Mindray,600,,ส่งผลสมบูรณ์,BC760,10 กันยายน 2568,Combined
00122,โรงพยาบาลบางน้ำเปรี้ยว,,2.30,2,105.0,5.3,24.9,108.1,23.1,,5.37,21,531.0,15.4,48.2,89.9,28.9,(600) Mindray,600,,ส่งผลสมบูรณ์,BC 780,17 กันยายน 2568,Combined
00123,โรงพยาบาลโซ่พิสัย,,2.28,2,64.0,5.5,18.0,78.6,24.1,,4.29,19,546.0,15.2,48.1,90.0,28.4,(600) Mindray,600,,ส่งผลสมบูรณ์,BC760,10 กันยายน 2568,Combined
00124,โรงพยาบาลศรีวิไล,,2.23,2,59.0,5.4,17.1,76.9,24.1,,5.26,18,527.0,15.4,47.6,90.4,29.3,(600) Mindray,600,,ส่งผลสมบูรณ์,BC760,10 กันยายน 2568,Combined
00125,โรงพยาบาลหนองคาย,,2.30,2,54.0,5.4,18.5,80.6,23.6,,5.36,18,536.0,15.4,48.7,90.9,28.7,(600) Mindray,600,,ส่งผลสมบูรณ์,BC6200,10 กันยายน 2568,Combined
00126,Alliance International Medical Centre,,2.18,2,58.0,5.3,16.5,75.7,24.2,,4.88,21,543.0,14.9,56.0,114.6,30.4,(600) Mindray,600,-,ส่งผลสมบูรณ์,BC5180,10 กันยายน 2568,Combined
00127,โรงพยาบาลเฝ้าไร่,,2.29,2,61.0,5.4,17.9,78.3,23.6,,5.43,22,529.0,15.3,48.5,89.4,28.2,(600) Mindray,600,,ส่งผลสมบูรณ์,BC760,10 กันยายน 2568,Combined
00128,โรงพยาบาลพิสัยเวช,,4.26,8,247.0,11.9,38.5,96.2,29.8,,4.89,17,480.0,15.6,51.6,105.5,31.9,(600) Mindray,600,,ส่งผลสมบูรณ์,BC5300,10 กันยายน 2568,Combined
00129,โรงพยาบาลหนองคายวัฒนา,,2.33,3,64.0,5.6,18.0,76.8,24.0,,5.37,23,525.0,15.5,47.3,87.9,28.7,(600) Mindray,600,,ส่งผลสมบูรณ์,BC 5180,10 กันยายน 2568,Combined
00130,นอร์ทอีสเทอร์น-วัฒนา รพ.เอกชนขนาดใหญ่,,2.33,2,63.0,5.5,17.7,76.0,23.5,,5.27,21,505.0,15.3,45.5,86.4,29.1,(600) Mindray,600,,ส่งผลสมบูรณ์,BC5180,10 กันยายน 2568,Combined
00133,โรงพยาบาลสำโรงทาบ,,2.27,2,91.0,5.4,25.0,110.5,23.7,,5.18,19,517.0,15.1,44.6,86.2,26.1,(600) Mindray,600,,ส่งผลสมบูรณ์,BC6800,10 กันยายน 2568,Combined
00136,โรงพยาบาลพุทธชินราช พิษณุโลก,,2.30,2,43.0,5.4,18.3,79.6,23.5,,5.31,18,513.0,15.4,48.9,91.5,28.8,(600) Mindray,มีไฟล์แนบของ ศวก.2 เข้ามาด้วย,,ส่งผลสมบูรณ์,BC6200,10 กันยายน 2568,Combined
00143,โรงพยาบาลอินทร์บุรี,,2.30,2,66.0,5.6,17.8,77.4,24.3,,5.30,22,538.0,15.6,47.2,89.0,29.4,(600) Mindray,600,,ส่งผลสมบูรณ์,BC5300,17 กันยายน 2568,Combined
00149,มหาวิทยาลัยมหิดล,,2.29,2,64.0,5.6,17.8,77.8,24.3,,5.30,18,547.0,15.7,46.6,87.8,29.5,(600) Mindray,600,,ส่งผลสมบูรณ์,BC 6800,17 กันยายน 2568,Combined
00161,โรงพยาบาลดารารัศมี,,2.31,2,108.0,5.4,17.0,73.6,24.1,,5.31,23,477.0,15.0,47.6,89.6,28.2,(600) Mindray,600,,ส่งผลสมบูรณ์,BC5600,10 กันยายน 2568,Combined
00177,โรงพยาบาลบุรีรัมย์ (เครื่อง1),,2.22,2,56.0,5.3,23.7,106.7,24.0,,3.66,16,553.0,15.2,49.1,134.1,41.5,(600) Mindray,600,,ส่งผลสมบูรณ์,BC6200,10 กันยายน 2568,Combined
00178,โรงพยาบาลบุรีรัมย์ (เครื่อง2),,2.20,2,64.0,5.3,23.7,107.9,24.1,,3.72,16,558.0,15.2,50.8,136.5,40.9,(600) Mindray,600,,ส่งผลสมบูรณ์,BC6200,10 กันยายน 2568,Combined
00179,โรงพยาบาลบุรีรัมย์ (เครื่อง3),,2.25,2,65.0,5.4,24.2,107.4,24.0,,3.79,17,521.0,15.3,52.2,137.6,40.4,(600) Mindray,600,,ส่งผลสมบูรณ์,BC6200,10 กันยายน 2568,Combined
00185,โรงพยาบาลสุวรรณภูมิ,,2.29,2,74.0,5.5,17.5,76.4,23.9,,5.38,19,526.0,15.3,48.2,89.5,28.4,(600) Mindray,600,,ส่งผลสมบูรณ์,BC6200,10 กันยายน 2568,Combined
00187,โรงพยาบาลเวียงป่าเป้า,,2.17,2,66.0,5.2,17.0,78.2,24.2,,5.20,23,543.0,15.0,48.3,92.9,28.9,(600) Mindray,ไฟล์แนบ HM368,,ส่งผลสมบูรณ์,BC 760,10 กันยายน 2568,Combined
00197,โรงพยาบาลจุรีเวช,,2.23,2,66.0,5.4,17.7,79.3,24.2,,5.16,21,503.0,15.4,46.6,90.4,29.8,(600) Mindray,600,,ส่งผลสมบูรณ์,BC5300,10 กันยายน 2568,Combined
00200,โรงพยาบาลชนแดน,,2.12,2,86.0,5.3,23.5,110.9,24.8,,5.46,23,549.0,15.4,48.8,89.4,28.2,(600) Mindray,600,,ส่งผลสมบูรณ์,BC 760,10 กันยายน 2568,Combined
00206,โรงพยาบาลบุ่งคล้า,,2.32,2,88.0,5.5,24.6,106.3,23.8,,5.24,22,503.0,15.7,45.8,87.4,29.9,(600) Mindray,600,,ส่งผลสมบูรณ์,BC 5180,10 กันยายน 2568,Combined
00207,โรงพยาบาลธนกาญจน์,,2.27,2,125.0,5.3,24.9,109.9,23.3,,4.90,20,564.0,14.8,58.0,118.4,30.2,(600) Mindray,มีไฟล์แนบของงาน SAR-CoV เข้ามาด้วย,,ส่งผลสมบูรณ์,BC5300,17 กันยายน 2568,Combined
00208,โรงพยาบาลศิครินทร์ สมุทรปราการ,,2.24,2,65.0,5.3,17.7,79.2,23.5,,5.36,19,540.0,15.4,49.0,90.1,28.3,(600) Mindray,600,,ส่งผลสมบูรณ์,BC760,17 กันยายน 2568,Combined
00209,โรงพยาบาลบางปลาม้า,,2.11,2,73.0,5.3,22.9,108.4,24.9,,5.15,23,510.0,15.4,46.6,90.5,29.9,(600) Mindray,มีไฟล์แนบของ ศวก.1 เข้ามาด้วย,,ส่งผลสมบูรณ์,BC760,17 กันยายน 2568,Combined
00210,โรงพยาบาลพรชัย,,2.31,2,72.0,5.5,17.8,77.2,23.8,,5.35,22,522.0,15.3,47.8,89.4,28.6,(600) Mindray,600,,ส่งผลสมบูรณ์,BC5180,17 กันยายน 2568,Combined
00220,โรงพยาบาลเลาขวัญ,,2.33,2,40.0,5.4,18.6,79.7,23.3,,5.39,19,527.0,15.4,48.5,89.9,28.7,(600) Mindray,600,,ส่งผลสมบูรณ์,BC-6000,17 กันยายน 2568,Combined
00223,โรงพยาบาลจุฬารัตน์ ชลเวช,,2.34,2,70.0,5.4,17.7,75.6,23.0,,5.20,23,526.0,15.0,44.3,85.2,28.8,(600) Mindray,ไฟล์แนบ HM368,,ส่งผลสมบูรณ์,BC5380,17 กันยายน 2568,Combined
00227,เฮลท์แลป คลินิกเทคนิคการแพทย์,,2.29,2,75.0,5.4,17.7,77.2,23.5,,5.40,23,494.0,16.0,48.0,88.9,29.6,(600) Mindray,600,,ส่งผลสมบูรณ์,BC-3000 plus,17 กันยายน 2568,Combined
00238,โรงพยาบาลมหาชัย 3,,2.38,2,58.0,5.7,18.8,79.1,23.9,,5.55,18,532.0,16.1,49.5,89.2,29.0,(600) Mindray,600,,ส่งผลสมบูรณ์,BC 6000,17 กันยายน 2568,Combined
00240,โรงพยาบาลเชียงใหม่ใกล้หมอ,,2.23,2,68.0,5.4,17.6,79.0,24.2,,5.33,21,512.0,15.2,48.5,91.0,28.5,(600) Mindray,600,,ส่งผลสมบูรณ์,BC 5300,10 กันยายน 2568,Combined
00241,โรงพยาบาลกุสุมาลย์,,2.24,2,62.0,5.2,17.3,77.2,23.3,,5.41,23,530.0,15.2,48.6,89.9,28.0,(600) Mindray,600,,ส่งผลสมบูรณ์,BC6000,10 กันยายน 2568,Combined
00242,โรงพยาบาลแพร่คริสเตียน,,2.24,2,67.0,5.5,17.6,78.1,24.3,,5.20,22,535.0,15.5,46.8,89.3,29.7,(600) Mindray,600,,ส่งผลสมบูรณ์,BC5300,10 กันยายน 2568,Combined
00243,โรงพยาบาลศรีสงคราม,,2.19,2,79.0,5.4,25.0,114.2,24.7,,5.23,19,528.0,15.3,48.1,91.9,29.3,(600) Mindray,600,,ส่งผลสมบูรณ์,BC6200,10 กันยายน 2568,Combined
00244,โรงพยาบาลนาแก,,2.27,2,64.0,5.3,17.3,76.2,23.5,,4.65,22,544.0,15.0,58.5,125.7,32.3,(600) Mindray,600,,ส่งผลสมบูรณ์,BC-760,10 กันยายน 2568,Combined
00245,โรงพยาบาลสอง,,2.27,2,101.0,5.2,24.8,109.4,22.9,,5.25,22,532.0,14.9,46.6,88.7,28.4,(600) Mindray,ส่งผลทางเมลเติมข้อมูลแล้ว,,รอส่งผลวิเคราะห์,BC5180,10 กันยายน 2568,Combined
00246,โรงพยาบาลศรีประจันต์,,2.24,2,62.0,5.3,17.5,78.2,23.7,,5.23,22,481.0,15.2,46.9,89.7,29.1,(600) Mindray,600,,ส่งผลสมบูรณ์,BC5300,17 กันยายน 2568,Combined
00247,โรงพยาบาลเขาสมิง,,2.30,2,65.0,5.4,18.0,78.4,23.4,,5.39,18,552.0,15.3,48.5,89.9,28.4,(600) Mindray,600,,ส่งผลสมบูรณ์,BC6000,17 กันยายน 2568,Combined
00250,โรงพยาบาลเกาะช้าง​,,2.35,2,63.0,5.4,18.2,77.4,23.0,,5.31,22,558.0,15.3,46.4,87.4,28.8,(600) Mindray,ไฟล์แนบ HM368,,ส่งผลสมบูรณ์,BC-5300,17 กันยายน 2568,Combined
00255,โรงพยาบาลวัฒนแพทย์ ตรัง,,2.35,2,64.0,5.5,18.4,78.5,23.4,,5.47,21,539.0,15.7,49.8,91.0,28.7,(600) Mindray,600,,ส่งผลสมบูรณ์,BC5180,17 กันยายน 2568,Combined
00258,โรงพยาบาลซำสูง,,2.13,2,55.0,5.4,17.1,80.5,25.4,,4.94,21,443.0,15.1,44.9,90.9,30.6,(600) Mindray,ไฟล์แนบ HM368,,ส่งผลสมบูรณ์,BC 5300,10 กันยายน 2568,Combined
00259,โรงพยาบาลรามาธิบดี,,2.31,2,48.0,5.3,18.2,78.6,22.9,,5.33,18,530.0,15.0,47.3,88.7,28.2,(600) Mindray,600,,ส่งผลสมบูรณ์,6200,17 กันยายน 2568,Combined
00267,โรงพยาบาลมวกเหล็ก,,2.28,2,66.0,5.5,18.4,80.5,24.3,,5.32,18,560.0,15.2,47.9,90.0,28.7,(600) Mindray,600,,ส่งผลสมบูรณ์,BC 6000,17 กันยายน 2568,Combined
00269,โรงพยาบาลวาริชภูมิ,,2.27,2,64.0,5.4,17.5,77.2,23.9,,5.31,21,539.0,15.2,47.0,88.5,28.6,(600) Mindray,600,,ส่งผลสมบูรณ์,BC760,10 กันยายน 2568,Combined
00270,โรงพยาบาลเฉลิมพระเกียรติ จ.น่าน,,2.22,2,65.0,5.5,16.9,76.1,24.8,,5.21,21,548.0,15.6,47.7,91.5,29.9,(600) Mindray,600,,ส่งผลสมบูรณ์,BC 5300,10 กันยายน 2568,Combined
00271,โรงพยาบาลเทศบาลนครอุดรธานี,,2.27,2,90.0,5.3,23.0,101.3,23.5,,5.24,22,536.0,15.5,45.1,86.2,29.5,(600) Mindray,600,,ส่งผลสมบูรณ์,BC-5180,10 กันยายน 2568,Combined
00272,โรงพยาบาลท่าหลวง,,2.26,2,62.0,5.5,18.4,81.3,24.3,,5.19,22,492.0,15.4,49.4,95.1,29.7,(600) Mindray,600,,ส่งผลสมบูรณ์,BC5300,17 กันยายน 2568,Combined
00274,โรงพยาบาลแกลง,,2.31,2,62.0,5.4,18.6,80.7,23.5,,5.40,19,551.0,15.2,49.8,92.3,28.1,(600) Mindray,ไฟล์แนบ HM368,,ส่งผลสมบูรณ์,BC6200,17 กันยายน 2568,Combined
00276,โรงพยาบาลคอนสวรรค์,,2.31,2,62.0,5.5,17.3,75.0,23.7,,5.31,22,538.0,15.7,45.9,86.3,29.6,(600) Mindray,600,,ส่งผลสมบูรณ์,BC5180,10 กันยายน 2568,Combined
00277,โรงพยาบาลวังโป่ง,,2.16,2,73.0,5.3,24.8,115.1,24.6,,5.20,20,503.0,15.2,47.3,90.0,29.2,(600) Mindray,600,,ส่งผลสมบูรณ์,BC-760,10 กันยายน 2568,Combined
00278,โรงพยาบาลเพชรรัตน์,,2.28,2,66.0,5.6,17.6,77.4,24.4,,4.93,22,542.0,15.7,45.9,88.4,29.5,(600) Mindray,600,,ส่งผลสมบูรณ์,BC 5180,10 กันยายน 2568,Combined
00279,โรงพยาบาลวาปีปทุม,,2.26,2,65.0,5.6,17.3,76.8,24.7,,5.05,20,512.0,15.7,58.2,115.2,31.1,(600) Mindray,600,,ส่งผลสมบูรณ์,BC 5180,10 กันยายน 2568,Combined
00280,โรงพยาบาลสระโบสถ์,,2.31,2,67.0,5.4,19.1,82.7,23.4,,5.19,22,529.0,15.1,48.1,92.7,29.1,(600) Mindray,600,-,ส่งผลสมบูรณ์,-,17 กันยายน 2568,Combined
00281,โรงพยาบาลมหาสารคามอินเตอร์เนชั่นแนล,,2.09,2,115.0,5.2,21.6,103.1,25.0,,5.17,22,514.0,15.3,46.6,90.1,29.5,(600) Mindray,600,,ส่งผลสมบูรณ์,BC5180,10 กันยายน 2568,Combined
00282,โรงพยาบาลภักดีชุมพล,,2.14,1,44.0,5.2,17.0,79.3,24.2,,5.16,5,460.0,14.9,46.7,90.5,28.9,(600) Mindray,600,,ส่งผลสมบูรณ์,BC760,10 กันยายน 2568,Combined
00283,โรงพยาบาลฆ้องชัย,,2.23,2,62.0,5.5,17.2,77.3,24.7,,4.66,21,541.0,15.3,55.8,119.8,32.8,(600) Mindray,600,,ส่งผลสมบูรณ์,BC5300,10 กันยายน 2568,Combined
00285,โรงพยาบาลนามน,,2.22,2,54.0,5.4,16.8,75.9,24.4,,5.15,22,502.0,15.3,45.4,88.2,29.7,(600) Mindray,600,,ส่งผลสมบูรณ์,BC5180,10 กันยายน 2568,Combined
00289,โรงพยาบาลเนินมะปราง,,2.26,2,66.0,5.3,17.2,76.1,23.5,,4.62,5,493.0,15.1,59.0,127.6,32.8,(600) Mindray,600,,ส่งผลสมบูรณ์,BC 760,10 กันยายน 2568,Combined
00294,โรงพยาบาลสุไหงโก-ลก,,2.29,2,49.0,5.5,17.6,76.9,23.9,,5.35,17,504.0,15.3,46.3,86.6,28.6,(600) Mindray,ไฟล์แนบ HM368,,ส่งผลสมบูรณ์,BC-6000,17 กันยายน 2568,Combined
00302,โรงพยาบาลบางคล้า,,2.32,2,70.0,5.4,18.6,80.0,23.3,,5.30,22,485.0,14.9,49.4,93.2,28.1,(600) Mindray,600,,ส่งผลสมบูรณ์,BC 5600,17 กันยายน 2568,Combined
00306,โรงพยาบาลรัชดา-ท่าพระ,,2.19,2,68.0,5.3,19.1,86.9,24.2,,5.05,21,513.0,15.0,45.5,90.3,29.7,(600) Mindray,600,,ส่งผลสมบูรณ์,BC-5300,17 กันยายน 2568,Combined
00309,โรงพยาบาลแปลงยาว,,2.33,2,54.0,5.5,18.2,78.3,23.6,,5.41,11,525.0,15.5,47.7,88.1,28.6,(600) Mindray,600,,ส่งผลสมบูรณ์,BC6000,17 กันยายน 2568,Combined
00313,โรงพยาบาลจุฬารัตน์ 5,,2.30,2,63.0,5.7,18.2,79.1,24.9,,5.27,22,539.0,16.0,48.9,92.7,30.4,(600) Mindray,600,,ส่งผลสมบูรณ์,BC5300,17 กันยายน 2568,Combined
00324,โรงพยาบาลแม่แตง,,2.31,2,60.0,5.4,17.5,75.5,23.3,,5.46,23,488.0,15.4,47.5,87.0,28.3,(600) Mindray,600,,ส่งผลสมบูรณ์,BC760,10 กันยายน 2568,Combined
00327,โรงพยาบาลน้ำปาด,,2.23,2,65.0,5.4,17.1,76.7,24.3,,5.36,22,574.0,15.2,50.8,94.8,28.3,(600) Mindray,600,,ส่งผลสมบูรณ์,BC760,10 กันยายน 2568,Combined
00331,โรงพยาบาลพิปูน,,2.23,2,81.0,5.3,23.5,105.4,23.8,,5.15,22,502.0,15.2,46.3,89.9,29.5,(600) Mindray,600,,ส่งผลสมบูรณ์,BC 5300,17 กันยายน 2568,Combined
00333,โรงพยาบาลบางกรวย,,2.23,1,37.0,5.3,17.4,77.9,23.8,,5.35,1,463.0,15.2,49.3,92.1,28.5,(600) Mindray,600,,ส่งผลสมบูรณ์,BC760,17 กันยายน 2568,Combined
00335,บริษัทเอเชียแล็บบอราทอรี่ เซ็นเตอร์ จำกัด,,2.24,2,69.0,5.3,17.4,77.7,23.7,,5.27,22,520.0,15.4,46.3,88.3,29.3,(600) Mindray,600,,ส่งผลสมบูรณ์,BC-5180,17 กันยายน 2568,Combined
00337,โรงพยาบาลมหาชนะชัย,,2.30,2,62.0,5.4,18.1,78.7,23.5,,5.38,0,535.0,15.3,48.4,89.9,28.4,(600) Mindray,600,,ส่งผลสมบูรณ์,BC600,10 กันยายน 2568,Combined
00338,โรงพยาบาลพานทอง,,2.32,2,54.0,5.4,18.3,78.7,23.4,,5.46,19,552.0,15.3,48.9,89.6,28.1,(600) Mindray,600,,ส่งผลสมบูรณ์,BC6200,17 กันยายน 2568,Combined
00340,โรงพยาบาลพุนพิน,,2.22,2,57.0,5.3,17.1,76.2,23.6,,5.25,23,530.0,15.1,46.8,87.5,28.4,(600) Mindray,600,,ส่งผลสมบูรณ์,BC760,17 กันยายน 2568,Combined
00345,โรงพยาบาลควนกาหลง,,2.21,1,63.0,5.4,17.6,79.7,24.3,,5.19,3,512.0,15.2,48.5,93.5,29.3,(600) Mindray,600,,ส่งผลสมบูรณ์,BC 760,17 กันยายน 2568,Combined
00347,โรงพยาบาลพนมดงรักเฉลิมพระเกียรติ 80 พรรษา,,2.23,2,56.0,5.3,17.1,76.8,24.0,,5.38,20,525.0,15.5,48.3,89.8,28.8,(600) Mindray,600,,ส่งผลสมบูรณ์,BC-760,10 กันยายน 2568,Combined
00349,โรงพยาบาลนครพิงค์,,2.28,2,45.0,5.4,18.1,79.2,23.8,,5.44,18,518.0,15.5,48.0,88.3,28.5,(600) Mindray,600,,ส่งผลสมบูรณ์,BC6200,10 กันยายน 2568,Combined
00354,โรงพยาบาลโพธิ์ตาก,,2.31,2,87.0,5.3,23.8,103.1,22.9,,5.26,21,618.0,15.2,47.9,91.0,28.9,(600) Mindray,600,,ส่งผลสมบูรณ์,BC5300,10 กันยายน 2568,Combined
00355,โรงพยาบาลบึงกาฬ,,2.27,2,59.0,5.4,17.4,76.3,23.8,,5.28,18,534.0,15.2,46.5,88.0,28.8,(600) Mindray,600,,ส่งผลสมบูรณ์,BC6800 Plus,10 กันยายน 2568,Combined
00356,โรงพยาบาลหนองม่วงไข่,,2.24,2,67.0,5.4,17.0,76.1,24.1,,4.55,20,580.0,15.2,53.3,117.0,33.5,(600) Mindray,600,,ส่งผลสมบูรณ์,BC  5180,10 กันยายน 2568,Combined
00357,โรงพยาบาลเต่างอย,,2.19,2,65.0,5.0,17.3,78.9,22.8,,5.00,21,578.0,14.8,59.1,118.2,29.6,(600) Mindray,600,,ส่งผลสมบูรณ์,5300,10 กันยายน 2568,Combined
00358,โรงพยาบาลกรงปินัง,,2.31,2,67.0,5.5,17.5,75.6,24.0,,5.23,21,524.0,15.2,45.5,87.0,29.1,(600) Mindray,600,,ส่งผลสมบูรณ์,BC 5180,17 กันยายน 2568,Combined
00361,โรงพยาบาลไชยา,,2.16,1,50.0,5.3,16.8,77.8,24.4,,5.17,14,479.0,15.2,47.3,91.5,29.3,(600) Mindray,600,,ส่งผลสมบูรณ์,BC760,17 กันยายน 2568,Combined
00366,โรงพยาบาลสวรรคโลก,,2.24,2,60.0,5.4,17.2,76.9,24.2,,5.31,23,520.0,15.3,47.2,88.9,28.9,(600) Mindray,ไฟล์แนบ HM368,,ส่งผลสมบูรณ์,BC780,10 กันยายน 2568,Combined
00369,โรงพยาบาลพลับพลาชัย,,2.23,2,80.0,5.4,23.8,106.8,24.0,,5.35,18,528.0,15.4,46.5,86.9,28.7,(600) Mindray,600,,ส่งผลสมบูรณ์,BC6000,10 กันยายน 2568,Combined
00370,โรงพยาบาลทับคล้อ,,2.23,2,51.0,5.4,17.5,78.5,24.1,,4.48,22,547.0,15.4,57.9,129.2,34.3,(600) Mindray,600,,ส่งผลสมบูรณ์,Mindray BC-760,10 กันยายน 2568,Combined
00374,โรงพยาบาลเจ้าพระยา,,2.30,2,49.0,5.5,18.0,78.0,23.9,,5.34,21,540.0,15.6,47.9,89.7,29.3,(600) Mindray,600,,ส่งผลสมบูรณ์,BC 6000,17 กันยายน 2568,Combined
00375,โรงพยาบาลศุภมิตร สุพรรณบุรี,,2.33,2,45.0,5.6,18.7,80.3,23.9,,5.36,18,506.0,15.6,48.7,90.8,29.2,(600) Mindray,600,,ส่งผลสมบูรณ์,BC6000,17 กันยายน 2568,Combined
00376,โรงพยาบาลบาเจาะ (เครื่อง1),,2.28,2,64.0,5.4,17.2,75.6,23.7,,5.41,22,536.0,16.1,46.5,86.0,29.8,(600) Mindray,600,,ส่งผลสมบูรณ์,BC5180,17 กันยายน 2568,Combined
00377,โรงพยาบาลโพธิ์ประทับช้าง,,2.24,2,66.0,5.6,17.4,77.5,25.0,,5.29,0,522.0,15.6,47.3,89.4,29.5,(600) Mindray,600,,ส่งผลสมบูรณ์,BC760,10 กันยายน 2568,Combined
00379,โรงพยาบาลวังทรายพูน,,2.26,2,112.0,5.2,23.5,103.9,23.2,,5.33,23,582.0,15.1,47.5,89.1,28.3,(600) Mindray,600,,ส่งผลสมบูรณ์,-,10 กันยายน 2568,Combined
00382,โรงพยาบาลศิครินทร์,,2.30,2,38.0,5.4,18.5,80.4,23.4,,5.35,19,527.0,15.3,48.4,90.4,28.6,(600) Mindray,600,,ส่งผลสมบูรณ์,BC6200,17 กันยายน 2568,Combined
00383,โรงพยาบาลท่ากระดาน,,2.29,2,64.0,5.3,18.2,79.4,23.1,,5.26,21,504.0,15.4,47.6,90.5,29.3,(600) Mindray,600,,ส่งผลสมบูรณ์,BC5300,17 กันยายน 2568,Combined
00384,โรงพยาบาลเซ็นทรัลเชียงใหม่ เมโมเรียล,,2.26,2,87.0,5.4,24.2,107.3,23.9,,5.43,16,511.0,15.7,47.1,86.7,28.9,(600) Mindray,ไฟล์แนบ HM368,,ส่งผลสมบูรณ์,BC5300,10 กันยายน 2568,Combined
00385,โรงพยาบาลท่าวังผา,,2.17,2,53.0,5.4,16.9,77.8,24.7,,5.11,22,591.0,15.1,53.0,103.7,29.5,(600) Mindray,600,,ส่งผลสมบูรณ์,BC760,10 กันยายน 2568,Combined
00386,โรงพยาบาลสมเด็จพระยุพราชปัว,,2.19,2,66.0,5.3,21.4,97.7,24.2,,5.33,23,507.0,15.4,46.9,88.0,29.0,(600) Mindray,600,,ส่งผลสมบูรณ์,BC 760,10 กันยายน 2568,Combined
00387,โรงพยาบาลทุ่งช้าง,,2.21,2,65.0,5.3,17.0,76.8,24.1,,5.15,22,514.0,15.2,45.4,88.1,29.5,(600) Mindray,600,,ส่งผลสมบูรณ์,BC5180,10 กันยายน 2568,Combined
00388,โรงพยาบาลคำตากล้า,,2.19,2,67.0,5.2,17.3,79.1,23.6,,5.34,23,535.0,15.2,48.3,90.5,28.5,(600) Mindray,600,,ส่งผลสมบูรณ์,BC 760,10 กันยายน 2568,Combined
00391,โรงพยาบาลกุดบาก,,2.28,2,68.0,5.5,17.6,77.2,24.3,,5.20,21,508.0,15.6,46.2,88.8,30.1,(600) Mindray,600,,ส่งผลสมบูรณ์,BC5300,10 กันยายน 2568,Combined
00392,โรงพยาบาลบ้านหลวง,,2.25,2,55.0,5.5,17.2,76.0,24.5,,5.41,21,561.0,15.7,47.4,87.6,29.0,(600) Mindray,600,,ส่งผลสมบูรณ์,BC5300,10 กันยายน 2568,Combined
00393,โรงพยาบาลเสิงสาง,,2.21,2,66.0,5.2,17.7,80.0,23.7,,5.18,23,511.0,15.1,47.4,91.5,29.2,(600) Mindray,600,,ส่งผลสมบูรณ์,BC780,10 กันยายน 2568,Combined
00394,โปร อินเตอร์ แลบ ไชยา,,2.28,2,55.0,5.4,17.6,76.9,23.8,,5.10,22,490.0,15.2,44.8,87.8,29.8,(600) Mindray,600,,ส่งผลสมบูรณ์,BC 5180,17 กันยายน 2568,Combined
00413,โรงพยาบาลสันป่าตอง,,2.29,2,59.0,5.5,17.9,78.1,24.1,,5.22,19,530.0,15.3,47.2,90.4,29.3,(600) Mindray,ไฟล์แนบ HM368,,ส่งผลสมบูรณ์,6800 plus,10 กันยายน 2568,Combined
00415,โรงพยาบาลบ้านตาก,,2.20,1,78.0,5.3,21.2,96.5,24.2,,5.32,5,514.0,15.4,48.6,91.3,28.9,(600) Mindray,600,,ส่งผลสมบูรณ์,BC760,10 กันยายน 2568,Combined
00420,โรงพยาบาลมหาชัยเพชรรัชต์ (เครื่อง1),,2.22,1,67.0,5.3,17.0,76.7,23.9,,5.25,1,534.0,15.2,46.4,88.4,28.9,(600) Mindray,600,,ส่งผลสมบูรณ์,BC760,17 กันยายน 2568,Combined
00424,โรงพยาบาลบ้านฝาง,,2.20,2,61.0,5.3,17.1,77.9,24.1,,5.19,22,530.0,15.3,45.9,88.4,29.5,(600) Mindray,600,,ส่งผลสมบูรณ์,BC 5300,10 กันยายน 2568,Combined
00425,โรงพยาบาลวังสะพุง,,2.33,2,64.0,5.4,18.5,79.2,23.1,,5.27,17,534.0,14.9,64.6,122.5,28.3,(600) Mindray,600,,ส่งผลสมบูรณ์,BC6200,10 กันยายน 2568,Combined
00426,โรงพยาบาลวิเชียรบุรี,,2.30,2,58.0,5.5,18.4,80.2,23.9,,5.27,19,529.0,15.3,47.5,90.2,29.1,(600) Mindray,600,,ส่งผลสมบูรณ์,BC6200,10 กันยายน 2568,Combined
00428,โรงพยาบาลพุทธโสธร,,2.32,2,46.0,5.4,18.4,79.3,23.3,,5.27,18,519.0,15.3,47.7,90.5,28.9,(600) Mindray,600,,ส่งผลสมบูรณ์,BC6200,17 กันยายน 2568,Combined
00429,โรงพยาบาลค่ายพ่อขุนผาเมือง,,2.05,2,79.0,5.4,20.2,78.3,24.1,,5.33,21,510.0,15.4,47.6,89.3,28.9,(600) Mindray,600,,ส่งผลสมบูรณ์,BC760,10 กันยายน 2568,Combined
00431,โรงพยาบาลรักษ์สกล,,5.46,20,594.0,15.1,60.6,111.0,27.7,,2.30,2,61.0,5.4,17.5,75.9,23.5,(600) Mindray,600,,ส่งผลสมบูรณ์,BC 5180,10 กันยายน 2568,Combined
00432,โรงพยาบาลบ้านใหม่ไชยพจน์,,2.26,2,59.0,5.6,18.0,79.5,24.7,,4.63,2,553.0,15.8,58.9,127.6,34.2,(600) Mindray,600,,ส่งผลสมบูรณ์,BC760,10 กันยายน 2568,Combined
00433,โรงพยาบาลสุรินทร์รวมแพทย์,,2.10,2,58.0,5.4,15.7,74.9,25.7,,4.63,19,559.0,15.0,53.4,115.4,32.4,(600) Mindray,600,,ส่งผลสมบูรณ์,BC5180,10 กันยายน 2568,Combined
00434,โรงพยาบาลหนองกี่,,2.29,2,54.0,5.6,17.7,77.5,24.4,,4.22,20,472.0,15.7,51.3,121.6,37.3,(600) Mindray,600,,ส่งผลสมบูรณ์,BC5180,10 กันยายน 2568,Combined
00435,โรงพยาบาลโนนสุวรรณ,,2.40,2,79.0,5.5,23.8,99.4,23.0,,4.84,21,538.0,15.5,57.6,119.0,32.1,(600) Mindray,600,602,ส่งผลสมบูรณ์,BC-5180,10 กันยายน 2568,Combined
00436,โรงพยาบาลเฉลิมพระเกียรติ จ.บุรีรัมย์,,2.19,2,52.0,5.2,16.9,77.3,23.8,,5.20,5,551.0,15.1,65.9,126.8,29.1,(600) Mindray,มีไฟล์แนบของ ศวก.6 เข้ามาด้วย,,ส่งผลสมบูรณ์,BC760,10 กันยายน 2568,Combined
00437,โรงพยาบาลจอมทอง,,2.31,2,40.0,5.4,18.1,78.2,23.3,,5.35,18,495.0,15.2,47.4,88.6,28.4,(600) Mindray,600,,ส่งผลสมบูรณ์,BC6200,10 กันยายน 2568,Combined
00439,บริษัท ที แอล ซี อุดร แลบเซ็นเตอร์ จำกัด,,2.26,2,65.0,5.3,17.3,76.5,23.5,,5.17,22,539.0,15.6,46.0,89.0,30.2,(600) Mindray,600,,ส่งผลสมบูรณ์,BC-5300,10 กันยายน 2568,Combined
00456,โรงพยาบาลอุทุมพรพิสัย,,2.33,2,29.0,5.5,18.9,81.0,23.7,,4.20,18,562.0,15.3,55.2,131.5,36.5,(600) Mindray,600,,ส่งผลสมบูรณ์,BC6000,10 กันยายน 2568,Combined
00457,โรงพยาบาลทองแสนขัน,,2.25,2,74.0,5.3,17.5,77.9,23.5,,4.99,21,585.0,15.3,65.9,132.1,30.7,(600) Mindray,ไฟล์แนบ HM368,,ส่งผลสมบูรณ์,BC760,10 กันยายน 2568,Combined
00458,โรงพยาบาลลาดหลุมแก้ว,,2.24,2,65.0,5.5,17.5,77.9,24.4,,5.24,22,510.0,15.4,46.6,89.1,29.4,(600) Mindray,600,,ส่งผลสมบูรณ์,BC5180,17 กันยายน 2568,Combined
00459,โรงพยาบาลแหลมสิงห์,,2.18,2,84.0,5.2,22.4,102.7,23.8,,5.24,21,516.0,15.2,45.1,86.2,29.0,(600) Mindray,600,,ส่งผลสมบูรณ์,BC5380,17 กันยายน 2568,Combined
00460,โรงพยาบาลจักษุ รัตนิน,,2.13,2,56.0,5.4,15.3,72.1,25.4,,5.12,22,517.0,15.1,42.0,82.0,29.4,(600) Mindray,600,,ส่งผลสมบูรณ์,BC 5150,17 กันยายน 2568,Combined
00461,โรงพยาบาลวังชิ้น,,2.24,2,64.0,5.4,17.0,75.9,24.1,,5.30,21,535.0,15.3,45.5,85.8,28.8,(600) Mindray,600,,ส่งผลสมบูรณ์,-,10 กันยายน 2568,Combined
00465,โรงพยาบาลสูงเม่น,,2.22,2,64.0,5.3,16.8,75.8,23.9,,4.06,21,578.0,14.8,43.7,107.6,36.5,(600) Mindray,600,,ส่งผลสมบูรณ์,BC5180,10 กันยายน 2568,Combined
00467,โรงพยาบาลสมเด็จพระยุพราชเด่นชัย,,2.34,2,81.0,5.4,21.7,92.9,23.2,,4.12,21,574.0,15.4,48.5,117.6,37.3,(600) Mindray,600,,ส่งผลสมบูรณ์,BC5180,10 กันยายน 2568,Combined
00468,โรงพยาบาลทุ่งหัวช้าง,,2.31,2,98.0,5.3,24.1,104.6,23.2,,5.27,21,524.0,15.3,46.5,88.2,29.0,(600) Mindray,ไฟล์แนบ HM368,,ส่งผลสมบูรณ์,BC5180,10 กันยายน 2568,Combined
00469,บริษัท พริ้นซิเพิล เฮลท์แคร์-ลำพูน จำกัด,,2.27,2,63.0,5.5,17.5,76.9,24.2,,4.61,20,551.0,15.1,55.8,121.0,32.8,(600) Mindray,600,,ส่งผลสมบูรณ์,BC 5180,10 กันยายน 2568,Combined
00470,โรงพยาบาลเจษฎา2,,2.25,2,57.0,5.4,17.1,75.8,24.1,,5.27,22,505.0,15.4,45.1,85.7,29.2,(600) Mindray,ไฟล์แนบ HM368,,ส่งผลสมบูรณ์,BC 5180,17 กันยายน 2568,Combined
00471,โรงพยาบาลสังคม,,2.29,2,66.0,5.5,17.1,74.6,23.8,,4.91,21,537.0,15.2,56.1,114.2,30.9,(600) Mindray,600,,ส่งผลสมบูรณ์,BC5180,10 กันยายน 2568,Combined
00472,โรงพยาบาลหนองเรือ,,2.24,2,63.0,5.3,17.8,79.4,23.7,,5.14,21,479.0,15.0,46.3,90.0,29.2,(600) Mindray,600,BC5300,ส่งผลสมบูรณ์,BC5300,10 กันยายน 2568,Combined
00473,โรงพยาบาลภูเรือ,,2.19,2,65.0,5.3,17.3,79.4,23.6,,4.70,21,505.0,15.7,58.7,124.9,33.4,(600) Mindray,600,,ส่งผลสมบูรณ์,BC5300,10 กันยายน 2568,Combined
00474,โรงพยาบาลท่าลี่,,2.29,2,62.0,5.6,17.7,77.3,24.6,,5.40,22,525.0,15.5,45.8,87.5,29.6,(600) Mindray,600,,ส่งผลสมบูรณ์,BC5180,10 กันยายน 2568,Combined
00475,โรงพยาบาลเวียงเก่า,,2.19,2,56.0,5.4,17.0,76.4,24.4,,5.11,21,511.0,14.9,44.5,87.1,29.1,(600) Mindray,600,,ส่งผลสมบูรณ์,BC5300,10 กันยายน 2568,Combined
00476,โรงพยาบาลผาขาว,,2.18,2,60.0,5.4,16.6,76.4,24.7,,4.57,20,559.0,14.9,54.9,120.1,32.6,(600) Mindray,600,,ส่งผลสมบูรณ์,-,10 กันยายน 2568,Combined
00477,โรงพยาบาลโนนสัง,,2.31,2,77.0,5.3,24.9,107.8,23.0,,5.27,21,478.0,15.5,47.5,90.2,29.4,(600) Mindray,600,,ส่งผลสมบูรณ์,Bc5180,10 กันยายน 2568,Combined
00478,โรงพยาบาลสมเด็จพระยุพราชกระนวน,,2.30,2,70.0,5.3,17.7,77.1,23.2,,5.25,22,520.0,15.2,47.3,88.9,29.0,(600) Mindray,600,,ส่งผลสมบูรณ์,BC 760,10 กันยายน 2568,Combined
00479,โรงพยาบาลสุวรรณคูหา,,2.27,2,53.0,5.4,17.6,77.4,23.6,,5.30,3,485.0,15.1,47.1,88.9,28.6,(600) Mindray,600,,ส่งผลสมบูรณ์,760,10 กันยายน 2568,Combined
00480,โรงพยาบาลเอราวัณ,,2.21,2,53.0,5.3,17.8,80.5,23.8,,5.38,5,490.0,15.4,50.6,94.1,28.6,(600) Mindray,600,,ส่งผลสมบูรณ์,BC -760,10 กันยายน 2568,Combined
00481,โรงพยาบาลภูเวียง,,2.30,2,62.0,5.5,17.4,75.5,23.9,,5.24,21,503.0,15.2,45.2,86.2,29.0,(600) Mindray,600,,ส่งผลสมบูรณ์,BC5300,10 กันยายน 2568,Combined
00482,โรงพยาบาลชุมแพ,,2.31,2,55.0,5.4,18.6,80.5,23.3,,5.35,18,542.0,15.3,47.9,89.5,28.7,(600) Mindray,600,,ส่งผลสมบูรณ์,BC6200,10 กันยายน 2568,Combined
00483,โรงพยาบาลเลย,,2.29,2,45.0,5.4,18.4,80.2,23.6,,5.45,18,525.0,15.2,66.4,121.9,27.8,(600) Mindray,600,,ส่งผลสมบูรณ์,BC6000,10 กันยายน 2568,Combined
00484,โรงพยาบาลสมเด็จพระยุพราชกุฉินารายณ์,,2.34,2,57.0,5.5,18.3,78.3,23.5,,5.51,14,548.0,15.3,49.8,90.4,27.8,(600) Mindray,600,,ส่งผลสมบูรณ์,BC6200,10 กันยายน 2568,Combined
00486,โรงพยาบาลจุน,,1.89,2,56.0,4.6,14.1,74.4,24.4,,5.14,22,526.0,15.0,44.3,86.2,29.1,(600) Mindray,600,,ส่งผลสมบูรณ์,BC 5180,10 กันยายน 2568,Combined
00488,โรงพยาบาลดอยสะเก็ด,,2.24,2,80.0,5.3,26.3,117.4,23.7,,5.32,19,530.0,15.4,48.9,91.9,29.0,(600) Mindray,600,,ส่งผลสมบูรณ์,BC760,10 กันยายน 2568,Combined
00491,โรงพยาบาลไพศาลี,,2.15,2,55.0,5.1,17.4,81.0,23.9,,4.96,19,507.0,14.2,43.9,88.6,28.6,(600) Mindray,600,,ส่งผลสมบูรณ์,BC6000,10 กันยายน 2568,Combined
00492,โรงพยาบาลรวมแพทย์ พิษณุโลก,,2.28,2,43.0,5.5,17.9,78.3,24.3,,5.32,19,513.0,15.5,47.4,89.1,29.1,(600) Mindray,600,,ส่งผลสมบูรณ์,BC6000,10 กันยายน 2568,Combined
00493,โรงพยาบาลพิษณุเวช,,2.33,2,53.0,5.5,18.8,79.5,23.6,,5.27,18,521.0,15.4,48.1,90.2,29.2,(600) Mindray,600,,ส่งผลสมบูรณ์,BC6200,10 กันยายน 2568,Combined
00497,โรงพยาบาลป่าซาง,,2.25,2,65.0,5.3,17.2,76.5,23.6,,5.28,22,554.0,15.1,53.2,100.8,28.6,(600) Mindray,600,,ส่งผลสมบูรณ์,BC 760,10 กันยายน 2568,Combined
00499,โรงพยาบาลนิคมคำสร้อย,,2.26,2,44.0,5.4,17.9,79.3,23.9,,5.36,18,512.0,15.5,47.9,89.3,28.9,(600) Mindray,600,,ส่งผลสมบูรณ์,BC6000,10 กันยายน 2568,Combined
00506,โรงพยาบาลห้วยผึ้ง,,2.31,2,82.0,5.4,22.0,95.1,23.4,,5.33,22,497.0,15.6,47.8,89.6,29.3,(600) Mindray,600,,ส่งผลสมบูรณ์,BC5180,10 กันยายน 2568,Combined
00516,โรงพยาบาลหนองบัวแดง,,2.26,2,48.0,5.4,17.6,77.9,23.9,,5.36,18,519.0,15.4,48.1,89.8,28.7,(600) Mindray,600,,ส่งผลสมบูรณ์,BC 6200,10 กันยายน 2568,Combined
00522,โรงพยาบาลขาณุวรลักษบุรี,,2.33,2,65.0,5.4,18.3,78.7,23.1,,4.00,15,608.0,15.1,55.2,91.0,28.3,(600) Mindray,600,,ส่งผลสมบูรณ์,BC6200,10 กันยายน 2568,Combined
00523,โรงพยาบาลวชิรบารมี,,2.25,2,63.0,5.3,17.0,75.6,23.7,,5.33,22,533.0,15.2,46.2,86.6,28.4,(600) Mindray,600,,ส่งผลสมบูรณ์,BC 760,10 กันยายน 2568,Combined
00527,โรงพยาบาลแม่ใจ,,2.22,2,74.0,5.3,17.3,77.9,23.7,,5.13,21,552.0,15.1,54.5,106.2,29.4,(600) Mindray,600,,ส่งผลสมบูรณ์,BC 5180,10 กันยายน 2568,Combined
00528,โรงพยาบาลดอกคำใต้,,2.19,2,62.0,5.4,17.3,77.7,24.2,,5.20,20,531.0,15.0,46.5,89.5,28.7,(600) Mindray,ไฟล์แนบ HM368,,ส่งผลสมบูรณ์,BC760,10 กันยายน 2568,Combined
00529,โรงพยาบาลสุคิริน,,2.28,2,60.0,5.6,16.7,73.0,24.4,,5.19,22,534.0,15.4,43.7,84.4,29.7,(600) Mindray,600,,ส่งผลสมบูรณ์,BC5180,17 กันยายน 2568,Combined
00530,โรงพยาบาลค่ายพระยอดเมืองขวาง,,2.20,2,60.0,5.2,16.7,75.8,23.5,,5.05,22,518.0,14.8,43.6,86.4,29.3,(600) Mindray,600,,ส่งผลสมบูรณ์,BC5300,10 กันยายน 2568,Combined
00531,โรงพยาบาลอุ้มผาง,,2.24,2,50.0,5.3,17.1,76.5,23.8,,5.25,23,505.0,15.2,46.4,88.3,28.9,(600) Mindray,600,,ส่งผลสมบูรณ์,BC760,10 กันยายน 2568,Combined
00532,โรงพยาบาลโพนพิสัย,,2.29,2,69.0,5.4,18.2,79.3,23.6,,5.41,18,543.0,15.4,48.5,89.6,28.4,(600) Mindray,600,,ส่งผลสมบูรณ์,BC-6200,10 กันยายน 2568,Combined
00533,โรงพยาบาลศรีสาคร,,2.24,2,87.0,5.3,21.9,97.7,23.7,,5.19,3,508.0,15.2,46.6,89.8,29.4,(600) Mindray,600,,ส่งผลสมบูรณ์,BC-760,17 กันยายน 2568,Combined
00534,โรงพยาบาลน่าน,,2.33,2,45.0,5.4,18.7,80.4,23.2,,5.41,18,505.0,15.2,48.7,90.1,28.2,(600) Mindray,600,,ส่งผลสมบูรณ์,BC6200,10 กันยายน 2568,Combined
00535,โรงพยาบาลเจ้าพระยาอภัยภูเบศร,,2.30,2,54.0,5.5,18.3,79.6,23.9,,5.49,19,550.0,15.6,49.4,89.9,28.4,(600) Mindray,600,,ส่งผลสมบูรณ์,BC6200,17 กันยายน 2568,Combined
00536,โรงพยาบาลเจ้าพระยายมราช,,2.31,2,40.0,5.4,18.4,79.6,23.2,,5.45,18,489.0,15.1,50.1,92.1,27.8,(600) Mindray,ไฟล์แนบ HM368,,ส่งผลสมบูรณ์,BC6200,17 กันยายน 2568,Combined
00537,โรงพยาบาลกำแพงแสน,,2.27,2,42.0,5.4,19.2,84.6,23.8,,5.26,19,494.0,15.2,49.5,94.2,28.8,(600) Mindray,600,,ส่งผลสมบูรณ์,BC 6200,17 กันยายน 2568,Combined
00538,โรงพยาบาลร้อยเอ็ด-ธนบุรี,,2.24,2,46.0,5.4,18.0,79.7,23.9,,5.33,18,523.0,15.2,48.0,89.8,28.7,(600) Mindray,600,,ส่งผลสมบูรณ์,BC6800,10 กันยายน 2568,Combined
00540,โรงพยาบาลสัตหีบ กม.10,,2.33,2,44.0,5.5,18.7,80.1,23.4,,5.47,18,542.0,15.4,50.1,91.6,28.2,(600) Mindray,600,,ส่งผลสมบูรณ์,BC6000,17 กันยายน 2568,Combined
00542,โรงพยาบาลนากลาง,,2.24,2,65.0,5.3,17.7,79.2,23.5,,5.36,23,531.0,15.4,47.8,89.2,28.7,(600) Mindray,600,,ส่งผลสมบูรณ์,BC760,10 กันยายน 2568,Combined
00543,โรงพยาบาลชัยนาทนเรนทร,,2.26,2,65.0,5.3,17.4,77.1,23.6,,5.26,22,504.0,15.1,47.9,91.0,28.6,(600) Mindray,600,,ส่งผลสมบูรณ์,BC760,10 กันยายน 2568,Combined
00547,โรงพยาบาลห้วยแถลง,,2.23,1,68.0,5.3,17.5,78.5,24.0,,5.27,0,536.0,15.2,48.7,92.5,28.9,(600) Mindray,600,,ส่งผลสมบูรณ์,BC-760,10 กันยายน 2568,Combined
00549,โรงพยาบาลกุมภวาปี,,2.31,2,108.0,5.3,24.3,105.4,22.9,,5.42,18,546.0,15.3,47.2,87.0,28.3,(600) Mindray,600,,ส่งผลสมบูรณ์,BC 6200,10 กันยายน 2568,Combined
00551,โรงพยาบาลสมเด็จพระพุทธเลิศหล้า,,2.28,2,68.0,5.4,18.3,80.3,23.7,,5.31,19,524.0,15.3,47.9,90.2,28.9,(600) Mindray,600,,ส่งผลสมบูรณ์,BC6200,17 กันยายน 2568,Combined
00552,โรงพยาบาลรือเสาะ,,2.28,2,68.0,5.4,18.3,80.3,23.7,,5.34,19,554.0,15.4,47.2,88.3,28.7,(600) Mindray,600,,ส่งผลสมบูรณ์,BC6200,17 กันยายน 2568,Combined
00553,โรงพยาบาลสมเด็จพระยุพราชยะหา,,2.28,2,46.0,5.3,18.2,79.7,23.4,,5.36,0,626.0,15.2,56.1,104.7,28.4,(600) Mindray,600,,ส่งผลสมบูรณ์,BC6200,17 กันยายน 2568,Combined
00554,โรงพยาบาลกาบัง,,2.23,2,71.0,5.3,16.7,74.8,23.9,,5.17,23,523.0,15.5,44.8,86.5,29.9,(600) Mindray,600,,ส่งผลสมบูรณ์,BC-5180,17 กันยายน 2568,Combined
00555,โรงพยาบาลระแงะ (เครื่อง2),,2.28,2,49.0,5.4,18.0,79.0,23.7,,5.37,19,518.0,15.6,47.7,88.9,29.0,(600) Mindray,600,,ส่งผลสมบูรณ์,BC6200,17 กันยายน 2568,Combined
00556,โรงพยาบาลบางสะพาน,,2.28,2,52.0,5.4,18.3,80.1,23.5,,4.95,17,532.0,15.1,62.7,126.7,30.5,(600) Mindray,600,BC,ส่งผลสมบูรณ์,Mindray BC 6200,17 กันยายน 2568,Combined
00557,โรงพยาบาลหลังสวน,,2.34,2,54.0,5.5,19.2,81.9,23.5,,5.48,18,520.0,15.5,52.8,96.3,28.4,(600) Mindray,600,,ส่งผลสมบูรณ์,BC6200,17 กันยายน 2568,Combined
00558,โรงพยาบาลท่ายาง,,2.24,2,54.0,5.4,18.1,80.9,24.1,,5.24,18,511.0,15.1,47.3,90.2,28.9,(600) Mindray,600,,ส่งผลสมบูรณ์,BC 6200,17 กันยายน 2568,Combined
00560,โรงพยาบาลปากท่อ,,2.25,2,50.0,5.3,17.8,78.9,23.8,,5.44,22,594.0,15.6,69.5,127.8,28.7,(600) Mindray,600,,ส่งผลสมบูรณ์,BC-760,17 กันยายน 2568,Combined
00561,โรงพยาบาลปางศิลาทอง,,2.27,2,60.0,5.4,17.0,74.9,23.7,,5.26,22,489.0,15.5,45.8,87.2,29.5,(600) Mindray,600,,ส่งผลสมบูรณ์,BC5180,10 กันยายน 2568,Combined
00562,โรงพยาบาลปราณบุรี,,2.22,2,55.0,5.4,17.3,78.1,24.2,,5.36,23,510.0,15.4,48.8,91.0,28.6,(600) Mindray,600,,ส่งผลสมบูรณ์,BC760,17 กันยายน 2568,Combined
00564,โรงพยาบาลซานเปาโลหัวหิน,,2.25,2,65.0,5.5,16.8,74.1,24.2,,5.20,22,517.0,15.1,45.9,88.2,29.0,(600) Mindray,600,,ส่งผลสมบูรณ์,BC5180,17 กันยายน 2568,Combined
00565,โรงพยาบาลสหวิทยาการมะลิ,,2.26,2,73.0,5.3,24.2,107.0,23.6,,5.29,19,502.0,15.0,48.0,90.8,28.4,(600) Mindray,600,,ส่งผลสมบูรณ์,BC-760,17 กันยายน 2568,Combined
00566,โรงพยาบาลพีเอ็มจี,,2.27,2,64.0,5.3,17.4,76.8,23.3,,5.16,22,526.0,15.3,45.5,88.2,29.6,(600) Mindray,600,,ส่งผลสมบูรณ์,BC-5180,17 กันยายน 2568,Combined
00567,โรงพยาบาลค่ายภาณุรังษี,,2.23,2,65.0,503.0,17.0,76.3,23.8,,5.13,21,532.0,15.1,44.9,87.6,29.4,(600) Mindray,600,,ส่งผลสมบูรณ์,BC5180,17 กันยายน 2568,Combined
00568,โรงพยาบาลสวี,,2.29,2,66.0,5.6,17.3,75.6,24.3,,5.33,22,556.0,15.6,46.0,86.2,29.2,(600) Mindray,600,,ส่งผลสมบูรณ์,BC5180,17 กันยายน 2568,Combined
00569,โรงพยาบาลพระทองคำเฉลิมพระเกียรติ ๘๐ พรรษา,,2.18,2,55.0,5.4,16.9,77.4,24.8,,4.88,19,504.0,15.0,57.1,117.1,30.7,(600) Mindray,600,,ส่งผลสมบูรณ์,BC 5180,10 กันยายน 2568,Combined
00570,โรงพยาบาลแก้งสนามนาง,,2.25,2,61.0,5.5,16.6,73.9,24.4,,5.18,22,519.0,15.4,44.1,85.2,29.7,(600) Mindray,600,,ส่งผลสมบูรณ์,BC-5180,10 กันยายน 2568,Combined
00571,โรงพยาบาลสีดา,,2.30,2,880.0,5.5,21.7,94.5,23.6,,21.73,5,531.0,15.6,45.0,86.3,29.9,(600) Mindray,600,,ส่งผลสมบูรณ์,BC 5180,10 กันยายน 2568,Combined
00573,โรงพยาบาลจักราช,,2.25,2,59.0,5.3,17.8,79.3,23.6,,5.23,23,493.0,15.1,48.9,93.5,28.9,(600) Mindray,ไฟล์แนบ HM368,,ส่งผลสมบูรณ์,BC780,10 กันยายน 2568,Combined
00574,โรงพยาบาลบัวใหญ่,,2.32,2,44.0,5.5,18.4,79.1,23.9,,5.48,18,523.0,15.5,50.1,91.5,28.3,(600) Mindray,600,,ส่งผลสมบูรณ์,BC-6200,10 กันยายน 2568,Combined
00576,โรงพยาบาลปักธงชัย,,2.26,2,74.0,5.4,24.4,107.7,23.7,,5.30,18,512.0,15.2,48.8,92.2,28.8,(600) Mindray,ไฟล์แนบ HM368,,ส่งผลสมบูรณ์,BC 6200,10 กันยายน 2568,Combined
00577,โรงพยาบาลโนนสูง,,2.17,2,65.0,5.3,16.6,76.6,24.2,,5.19,23,519.0,14.8,46.4,89.4,28.6,(600) Mindray,600,,ส่งผลสมบูรณ์,BC780,10 กันยายน 2568,Combined
00578,โรงพยาบาลราชพฤกษ์,,2.28,2,54.0,5.5,18.1,79.3,24.1,,5.38,19,526.0,15.3,48.2,89.5,28.4,(600) Mindray,600,,ส่งผลสมบูรณ์,BC6200,10 กันยายน 2568,Combined
00580,โรงพยาบาลพระยืน,,2.24,2,66.0,5.3,17.3,77.2,23.7,,5.16,22,526.0,15.4,45.4,88.0,29.9,(600) Mindray,600,,ส่งผลสมบูรณ์,BC5180,10 กันยายน 2568,Combined
00584,โรงพยาบาลแสวงหา,,2.22,2,62.0,5.4,17.2,77.4,24.3,,5.29,17,528.0,15.4,47.7,90.2,29.1,(600) Mindray,600,,ส่งผลสมบูรณ์,BC760,17 กันยายน 2568,Combined
00601,โรงพยาบาลบางปะหัน,,2.19,2,58.0,5.3,17.1,78.1,24.3,,5.16,24,524.0,15.2,46.5,90.2,29.5,(600) Mindray,600,,ส่งผลสมบูรณ์,BC760,17 กันยายน 2568,Combined
00619,โรงพยาบาลวังเหนือ,,2.21,2,65.0,5.4,17.0,76.9,24.2,,4.78,22,513.0,15.2,60.0,125.6,31.8,(600) Mindray,ไฟล์แนบ HM368,,ส่งผลสมบูรณ์,BC760,10 กันยายน 2568,Combined
00621,โรงพยาบาลบัวใหญ่รวมแพทย์,,2.16,2,92.0,5.0,20.4,94.8,23.1,,5.18,22,505.0,16.0,45.5,88.0,30.8,(600) Mindray,600,,ส่งผลสมบูรณ์,BC3000Plus,10 กันยายน 2568,Combined
00622,โรงพยาบาลชุมพวง,,2.21,2,57.0,5.2,17.2,77.7,23.5,,5.23,18,517.0,15.0,47.6,91.0,28.7,(600) Mindray,600,,ส่งผลสมบูรณ์,BC760,10 กันยายน 2568,Combined
00623,โรงพยาบาลมโนรมย์,,2.30,2,104.0,5.4,25.0,109.6,23.5,,5.28,22,531.0,15.3,46.7,88.5,29.0,(600) Mindray,600,,ส่งผลสมบูรณ์,BC5300,10 กันยายน 2568,Combined
00625,โรงพยาบาลมัญจาคีรี,,2.19,2,65.0,5.3,25.4,116.2,24.2,,5.35,4,535.0,15.3,48.6,132.4,41.6,(600) Mindray,600,,ส่งผลสมบูรณ์,BC6200,10 กันยายน 2568,Combined
00626,โรงพยาบาลธนบุรี-ชุมพร,,2.20,2,56.0,5.3,17.1,77.6,24.1,,5.32,20,528.0,15.2,48.7,90.6,28.8,(600) Mindray,600,,ส่งผลสมบูรณ์,BC-760,17 กันยายน 2568,Combined
00628,โรงพยาบาลนาด้วง,,2.33,2,69.0,5.7,18.1,77.5,24.5,,5.22,21,503.0,15.2,45.8,87.8,29.1,(600) Mindray,600,,ส่งผลสมบูรณ์,BC5600,10 กันยายน 2568,Combined
00632,โรงพยาบาลสมเด็จพระยุพราชฉวาง,,2.29,2,56.0,5.4,18.0,78.5,23.5,,5.27,16,543.0,15.1,46.9,89.0,28.6,(600) Mindray,600,,ส่งผลสมบูรณ์,BC-6200,17 กันยายน 2568,Combined
00633,โรงพยาบาลคามิลเลียน,,2.36,2,49.0,5.5,18.7,79.4,23.2,,5.41,17,526.0,15.4,49.6,91.7,28.4,(600) Mindray,600,,ส่งผลสมบูรณ์,BC6200,17 กันยายน 2568,Combined
00634,โรงพยาบาลรวมแพทย์ชัยนาท,,2.31,2,63.0,5.4,18.4,79.7,23.5,,5.31,18,542.0,15.2,66.3,124.9,28.6,(600) Mindray,600,,ส่งผลสมบูรณ์,BC6200,10 กันยายน 2568,Combined
00660,โรงพยาบาลมายอ (เครื่อง1),,2.21,2,69.0,5.3,19.9,79.0,24.0,,5.15,20,518.0,15.3,46.7,90.6,29.7,(600) Mindray,มีไฟล์แนบของงานอื่นเข้ามา,,ส่งผลสมบูรณ์,BC 760,17 กันยายน 2568,Combined
00661,โรงพยาบาลค่ายเสนาณรงค์,,2.23,2,63.0,5.5,17.2,76.8,24.5,,4.84,21,536.0,15.5,55.6,114.8,31.9,(600) Mindray,600,,ส่งผลสมบูรณ์,BC5180,17 กันยายน 2568,Combined
00663,โรงพยาบาลสมเด็จ,,2.22,2,68.0,5.4,16.5,74.4,24.2,,5.19,22,545.0,15.1,45.4,87.4,29.1,(600) Mindray,600,,ส่งผลสมบูรณ์,BC5300,10 กันยายน 2568,Combined
00664,โรงพยาบาลเซกา,,2.22,2,60.0,5.3,25.1,113.2,23.8,,5.28,8,517.0,15.3,47.5,90.0,29.0,(600) Mindray,600,,ส่งผลสมบูรณ์,BC6200,10 กันยายน 2568,Combined
00665,โรงพยาบาลกะเปอร์,,2.16,2,57.0,5.3,17.0,76.8,24.6,,5.23,22,506.0,15.2,47.3,90.4,29.1,(600) Mindray,600,,ส่งผลสมบูรณ์,BC760,17 กันยายน 2568,Combined
00666,โรงพยาบาลน้ำโสม,,2.22,1,64.0,5.3,16.7,75.4,23.8,,5.25,6,534.0,15.1,45.9,87.4,28.8,(600) Mindray,600,,ส่งผลสมบูรณ์,BC760,10 กันยายน 2568,Combined
00667,โรงพยาบาลปลาปาก,,2.28,2,62.0,5.5,17.1,75.2,24.1,,5.16,22,516.0,15.4,44.7,86.5,29.8,(600) Mindray,600,,ส่งผลสมบูรณ์,BC5180,10 กันยายน 2568,Combined
00668,โรงพยาบาลพิบูลย์รักษ์,,2.21,2,73.0,5.5,17.3,78.6,24.9,,5.25,22,585.0,15.9,48.5,92.5,30.2,(600) Mindray,600,,ส่งผลสมบูรณ์,BC5180,10 กันยายน 2568,Combined
00670,โรงพยาบาลนาตาล,,2.25,2,66.0,5.3,17.5,77.2,23.6,,5.32,20,529.0,15.2,47.6,89.3,28.6,(600) Mindray,600,,ส่งผลสมบูรณ์,BC760,10 กันยายน 2568,Combined
00671,โรงพยาบาลสิรินธร,,2.30,2,64.0,5.3,17.6,76.6,23.3,,5.36,23,529.0,15.0,47.3,88.2,28.1,(600) Mindray,600,BC-760,ส่งผลสมบูรณ์,BC-760,10 กันยายน 2568,Combined
00672,โรงพยาบาลโพธิ์ไทร,,2.25,2,53.0,5.3,17.3,77.3,23.7,,3.12,9,243.0,8.7,30.7,98.6,28.0,(600) Mindray,600,,ส่งผลสมบูรณ์,BC 760,10 กันยายน 2568,Combined
00673,โรงพยาบาลกันตัง,,2.20,2,58.0,5.5,18.3,82.4,24.8,,3.97,21,492.0,15.0,46.0,116.0,37.8,(600) Mindray,600,,ส่งผลสมบูรณ์,BC760,17 กันยายน 2568,Combined
00674,บริษัท นาบอนอินเตอร์เมดิคอล จำกัด,,2.29,2,62.0,5.4,17.5,76.2,23.4,,5.18,22,543.0,15.7,45.1,87.2,30.4,(600) Mindray,600,,ส่งผลสมบูรณ์,BC5180,17 กันยายน 2568,Combined
00675,โรงพยาบาลสิเกา,,2.30,2,57.0,5.4,18.1,78.7,23.7,,5.38,23,500.0,15.3,49.1,91.2,28.4,(600) Mindray,600,-,ส่งผลสมบูรณ์,BC760,17 กันยายน 2568,Combined
00676,โรงพยาบาลเฟิร์สเวสเทอร์น,,2.25,2,63.0,5.4,17.3,77.0,24.0,,5.21,23,525.0,15.2,45.6,88.1,29.2,(600) Mindray,600,,ส่งผลสมบูรณ์,BC5180,17 กันยายน 2568,Combined
00677,โรงพยาบาลสุราษฎร์ธานี,,2.31,2,62.0,5.4,18.2,79.0,23.4,,5.28,0,535.0,15.5,47.4,89.7,29.4,(600) Mindray,600,,ส่งผลสมบูรณ์,BC6200,17 กันยายน 2568,Combined
00678,โรงพยาบาลท่าฉาง,,2.33,2,75.0,5.5,17.4,74.8,23.5,,5.28,21,539.0,15.4,45.2,85.5,29.3,(600) Mindray,มีไฟล์แนบของ ศวก.2 เข้ามาด้วย,,ส่งผลสมบูรณ์,BC 5180,17 กันยายน 2568,Combined
00679,โรงพยาบาลโขงเจียม,,2.36,2,105.0,5.4,24.5,103.6,22.9,,5.30,23,531.0,15.7,46.0,86.9,29.6,(600) Mindray,600,,ส่งผลสมบูรณ์,BC5180,10 กันยายน 2568,Combined
00682,โรงพยาบาลเขื่องใน,,2.26,2,35.0,5.4,18.1,79.9,23.7,,5.31,18,519.0,15.1,47.9,90.2,28.5,(600) Mindray,600,,ส่งผลสมบูรณ์,BC6200,10 กันยายน 2568,Combined
00683,โรงพยาบาลศรีเมืองใหม่,,2.23,2,56.0,5.3,17.2,77.1,23.6,,5.31,23,500.0,15.1,47.3,89.1,28.5,(600) Mindray,600,,ส่งผลสมบูรณ์,BC760,10 กันยายน 2568,Combined
00684,โรงพยาบาลบุณฑริก,,2.30,2,83.0,5.3,18.3,79.7,23.2,,5.34,23,523.0,15.1,48.0,89.8,28.2,(600) Mindray,600,,ส่งผลสมบูรณ์,BC-760,10 กันยายน 2568,Combined
00685,โรงพยาบาลน้ำยืน,,2.30,2,58.0,5.4,17.8,77.4,23.3,,5.30,23,527.0,15.3,47.9,90.4,28.9,(600) Mindray,600,,ส่งผลสมบูรณ์,BC-760,10 กันยายน 2568,Combined
00687,โรงพยาบาลม่วงสามสิบ,,2.23,2,56.0,5.3,17.2,77.1,23.6,,5.31,23,500.0,15.1,47.3,89.1,28.5,(600) Mindray,600,,ส่งผลสมบูรณ์,BC 760,10 กันยายน 2568,Combined
00688,โรงพยาบาลนาจะหลวย,,1.86,2,76.0,5.3,18.4,98.9,28.8,,5.26,23,521.0,15.8,46.0,87.5,30.0,(600) Mindray,600,,ส่งผลสมบูรณ์,BC5180,10 กันยายน 2568,Combined
00689,โรงพยาบาลน้ำขุ่น,,5.22,21,548.0,15.4,47.3,90.6,29.5,,4.21,8,204.0,10.9,36.1,85.8,25.8,(600) Mindray,600,,ส่งผลสมบูรณ์,BC5180,10 กันยายน 2568,Combined
00690,โรงพยาบาลกุดข้าวปุ้น,,0.00,0,0.0,0.0,0.0,0.0,0.0,,5.39,19,524.0,15.2,49.4,91.7,28.2,(600) Mindray,600,,ส่งผลสมบูรณ์,BC-760,10 กันยายน 2568,Combined
00691,โรงพยาบาลทุ่งศรีอุดม,,2.36,2,74.0,5.3,22.7,74.0,22.5,,5.46,24,492.0,15.6,47.4,86.8,28.5,(600) Mindray,600,,ส่งผลสมบูรณ์,602,10 กันยายน 2568,Combined
00692,นวมินทร์ 1 สหคลินิก,,2.32,2,57.0,5.4,18.7,80.8,23.3,,5.36,19,534.0,15.2,49.7,92.8,28.4,(600) Mindray,600,,ส่งผลสมบูรณ์,BC6000,17 กันยายน 2568,Combined
00693,สถาบันโรคผิวหนัง,,2.22,2,57.0,5.2,17.3,78.0,23.7,,5.28,23,491.0,15.0,47.9,90.8,28.4,(600) Mindray,600,,ส่งผลสมบูรณ์,780,17 กันยายน 2568,Combined
00694,โรงพยาบาลเชียงใหม่เมดิคอลเซ็นเตอร์,,2.25,2,66.0,5.5,17.2,76.4,76.4,,5.20,22,510.0,15.4,46.4,89.3,29.7,(600) Mindray,ไฟล์แนบ HM368,,ส่งผลสมบูรณ์,Mindray BS-5180,10 กันยายน 2568,Combined
00700,โรงพยาบาลอุทัย,,2.20,2,57.0,5.5,17.0,77.4,25.1,,5.28,5,496.0,15.7,47.2,89.4,29.7,(600) Mindray,600,,ส่งผลสมบูรณ์,BC-760,17 กันยายน 2568,Combined
00702,โรงพยาบาลมนารมย์,,2.38,2,62.0,5.8,18.7,78.5,24.4,,5.35,22,500.0,15.6,47.6,88.9,29.2,(600) Mindray,600,,ส่งผลสมบูรณ์,BC5600,17 กันยายน 2568,Combined
00704,โรงพยาบาลค่ายสุรสิงหนาท,,2.21,2,83.0,5.2,24.3,101.5,23.8,,5.21,23,516.0,15.2,45.9,88.1,29.1,(600) Mindray,600,,ส่งผลสมบูรณ์,BC760,17 กันยายน 2568,Combined
00705,บริษัท เดอะแล็บ แล็บบอราทอรี่แอนด์เช็คอัพเซอร์วิส จำกัด,,2.24,2,46.0,5.4,18.0,76.4,24.2,,5.25,0,555.0,15.3,56.1,103.7,29.7,(600) Mindray,600,,ส่งผลสมบูรณ์,BC-5180,17 กันยายน 2568,Combined
00706,โรงพยาบาลสันติสุข,,2.25,2,71.0,5.5,18.1,77.1,23.4,,5.53,22,504.0,14.8,47.4,87.6,29.0,(600) Mindray,600,,ส่งผลสมบูรณ์,BC5600,10 กันยายน 2568,Combined
00707,โรงพยาบาลแม่จริม,,2.47,2,111.0,5.6,25.1,101.6,22.7,,5.64,22,545.0,14.9,50.7,89.9,26.4,(600) Mindray,600,,ส่งผลสมบูรณ์,BC5600,10 กันยายน 2568,Combined
00708,โรงพยาบาลบ่อเกลือ,,2.37,2,118.0,5.5,22.0,92.9,23.2,,5.30,23,508.0,15.2,47.8,90.1,28.7,(600) Mindray,600,,ส่งผลสมบูรณ์,BC 5600,10 กันยายน 2568,Combined
00709,โรงพยาบาลยะหริ่ง,,2.20,2,50.0,5.3,16.9,76.8,23.9,,5.25,9,530.0,15.1,46.4,88.4,28.7,(600) Mindray,ไฟล์แนบ HM368,,ส่งผลสมบูรณ์,BC760,17 กันยายน 2568,Combined
00711,บริษัท อินโนเทค ลาบอราทอรี่ เซอร์วิส จำกัด,,2.47,3,68.0,5.8,19.0,76.9,23.5,,5.64,22,504.0,15.9,51.1,90.6,28.2,(600) Mindray,600,,ส่งผลสมบูรณ์,5600,17 กันยายน 2568,Combined
00713,ดีวายเอ็มเฮลท์เชคอัพคลินิก,,2.38,2,65.0,5.7,18.7,78.5,23.9,,5.42,21,479.0,15.2,49.1,90.6,28.0,(600) Mindray,600,,ส่งผลสมบูรณ์,BC5600,17 กันยายน 2568,Combined
00714,โรงพยาบาลท่าตะเกียบ,,2.20,2,53.0,5.2,17.4,78.9,23.8,,5.36,0,532.0,15.3,50.4,94.1,28.5,(600) Mindray,600,,ส่งผลสมบูรณ์,BC 760,17 กันยายน 2568,Combined
00715,โรงพยาบาลสรรพยา,,2.25,2,47.0,5.3,17.7,78.6,23.6,,4.69,0,555.0,15.4,60.5,129.0,32.9,(600) Mindray,600,,ส่งผลสมบูรณ์,BC760,10 กันยายน 2568,Combined
00718,โรงพยาบาลส่งเสริมสุขภาพ ศูนย์อนามัยที่ 2 พิษณุโลก,,2.33,2,103.0,5.2,24.1,103.3,22.3,,5.30,22,531.0,15.4,45.3,85.4,29.1,(600) Mindray,มีไฟล์แนบของ ศวก.6 เข้ามาด้วย,,ส่งผลสมบูรณ์,BC 5180,10 กันยายน 2568,Combined
00723,โรงพยาบาลท่าเรือ,,2.25,2,57.0,5.4,17.9,79.7,24.1,,5.37,18,542.0,15.6,48.1,89.5,29.1,(600) Mindray,600,,ส่งผลสมบูรณ์,BC 6000,17 กันยายน 2568,Combined
00724,โรงพยาบาลแวงใหญ่,,2.39,2,69.0,5.7,18.3,76.6,23.8,,5.33,21,526.0,15.5,47.1,88.4,29.1,(600) Mindray,600,,ส่งผลสมบูรณ์,BC 5180,10 กันยายน 2568,Combined
00725,โรงพยาบาลจุฬารัตน์ 1 สุวุรรณภูมิ,,2.19,2,65.0,5.3,17.0,77.6,24.2,,5.11,20,480.0,14.9,45.8,89.7,29.2,(600) Mindray,600,,ส่งผลสมบูรณ์,BC5300,17 กันยายน 2568,Combined
00727,สถาบันบำราศนราดูร,,2.33,2,51.0,5.5,18.4,79.0,23.5,,5.34,18,534.0,15.3,48.1,90.0,28.6,(600) Mindray,600,,ส่งผลสมบูรณ์,BC6200,17 กันยายน 2568,Combined
00728,โรงพยาบาลอินเตอร์กำแพงแสน,,2.35,2,70.0,5.5,18.8,80.2,23.4,,5.44,22,259.0,15.1,48.3,88.8,27.8,(600) Mindray,ไฟล์แนบ HM368,,ส่งผลสมบูรณ์,BC 5600,17 กันยายน 2568,Combined
00730,โรงพยาบาลสร้างคอม,,2.24,2,85.0,5.5,22.0,98.4,24.4,,5.34,23,522.0,15.7,46.2,86.6,29.4,(600) Mindray,600,,ส่งผลสมบูรณ์,5180,10 กันยายน 2568,Combined
00731,โรงพยาบาลสันทราย,,2.32,2,66.0,5.6,18.6,80.2,23.8,,5.44,19,560.0,15.6,49.8,91.6,28.7,(600) Mindray,600,,ส่งผลสมบูรณ์,BC 6200,10 กันยายน 2568,Combined
00733,โรงพยาบาลปง,,1.77,2,87.0,5.2,17.9,101.3,29.6,,5.10,21,528.0,14.8,46.1,90.4,29.0,(600) Mindray,600,,ส่งผลสมบูรณ์,BC5180,10 กันยายน 2568,Combined
00735,โรงพยาบาลท่าปลา,,2.32,2,66.0,5.5,17.8,76.6,23.8,,4.78,21,542.0,15.6,59.2,123.8,32.6,(600) Mindray,ไฟล์แนบ HM368,,ส่งผลสมบูรณ์,BC760,10 กันยายน 2568,Combined
00736,โรงพยาบาลค่ายเทพสตรีศรีสุนทร,,2.36,2,64.0,5.5,17.6,74.5,23.1,,5.55,23,575.0,15.7,63.3,114.0,28.3,(600) Mindray,600,,ส่งผลสมบูรณ์,BC5180,17 กันยายน 2568,Combined
00742,โรงพยาบาลภูหลวง,,2.34,2,64.0,5.6,18.2,77.7,23.9,,5.48,21,467.0,14.8,58.7,107.1,27.0,(600) Mindray,600,,ส่งผลสมบูรณ์,BC-56000,10 กันยายน 2568,Combined
00744,โรงพยาบาล ป.แพทย์ 2,,2.24,2,61.0,5.3,17.4,77.4,23.5,,5.32,22,494.0,15.0,48.5,91.0,28.1,(600) Mindray,600,,ส่งผลสมบูรณ์,BC-780R,10 กันยายน 2568,Combined
00745,โรงพยาบาล ป.แพทย์ 1,,2.25,2,69.0,5.4,17.4,77.2,23.9,,5.29,23,508.0,15.5,46.8,88.5,29.4,(600) Mindray,600,,ส่งผลสมบูรณ์,BC760,10 กันยายน 2568,Combined
00750,โรงพยาบาลบัวเชด,,2.29,2,92.0,5.4,24.0,105.0,23.8,,5.26,18,541.0,15.3,45.9,87.3,29.1,(600) Mindray,600,,ส่งผลสมบูรณ์,BC-6800,10 กันยายน 2568,Combined
00754,โรงพยาบาลมะเร็งสุราษฎร์ธานี,,2.20,2,58.0,5.4,17.2,78.2,24.4,,5.25,0,529.0,15.2,47.5,90.5,29.0,(600) Mindray,600,,ส่งผลสมบูรณ์,BC760,17 กันยายน 2568,Combined
00762,โรงพยาบาลพระมงกุฎเกล้า,,2.30,2,54.0,5.4,17.6,76.5,23.4,,5.25,23,530.0,15.1,46.1,87.9,28.8,(600) Mindray,มีไฟล์แนบของ ศวก.1 เข้ามาด้วย,,ส่งผลสมบูรณ์,BC6800 Plus,17 กันยายน 2568,Combined
00771,โรงพยาบาลจตุรพักตรพิมาน,,2.36,2,62.0,5.4,18.8,79.5,23.1,,5.41,18,553.0,15.3,48.1,89.0,28.2,(600) Mindray,600,,ส่งผลสมบูรณ์,BC6000,10 กันยายน 2568,Combined
00772,โรงพยาบาลดอนตาล,,2.27,2,56.0,5.5,17.3,76.2,24.3,,5.23,23,496.0,15.4,46.3,88.5,29.4,(600) Mindray,600,,ส่งผลสมบูรณ์,BC-5380,10 กันยายน 2568,Combined
00776,โรงพยาบาลประโคนชัย,,2.30,2,63.0,5.3,17.5,75.6,23.4,,5.20,17,540.0,15.0,47.5,91.0,28.6,(600) Mindray,600,,ส่งผลสมบูรณ์,BC6800,10 กันยายน 2568,Combined
00778,โรงพยาบาลหล่มสัก,,2.27,2,52.0,5.4,18.1,79.7,23.9,,5.26,18,527.0,15.4,47.6,90.4,29.3,(600) Mindray,600,,ส่งผลสมบูรณ์,BC6200,10 กันยายน 2568,Combined
00779,โรงพยาบาลซีจีเอช (พหลโยธิน),,2.29,2,41.0,5.4,18.5,80.6,23.7,,5.41,18,520.0,15.2,48.6,89.9,28.1,(600) Mindray,600,,ส่งผลสมบูรณ์,BC6000,17 กันยายน 2568,Combined
00781,โรงพยาบาลสิงห์บุรี,,2.24,2,46.0,5.4,17.9,79.7,23.9,,5.33,18,523.0,15.3,47.9,89.8,28.7,(600) Mindray,600,,ส่งผลสมบูรณ์,BC6000,17 กันยายน 2568,Combined
00782,โรงพยาบาลมหาวิทยาลัยบูรพา,,2.38,2,55.0,5.5,19.2,81.3,23.3,,5.42,18,532.0,15.2,48.5,90.3,28.1,(600) Mindray,600,,ส่งผลสมบูรณ์,BC6200,17 กันยายน 2568,Combined
00783,สถาบันจิตเวชศาสตร์สมเด็จเจ้าพระยา,,2.31,2,47.0,5.5,18.1,78.2,23.7,,5.40,18,525.0,15.4,47.5,88.0,28.5,(600) Mindray,600,,ส่งผลสมบูรณ์,BC-6200,17 กันยายน 2568,Combined
00784,โรงพยาบาลสัตว์ประศุอาทร,,2.27,2,93.0,5.4,25.9,114.0,23.9,,5.41,22,541.0,15.2,48.7,90.0,28.1,(600) Mindray,600,,ส่งผลสมบูรณ์,BC75R vet,17 กันยายน 2568,Combined
00785,โรงพยาบาลลำลูกกา,,2.22,0,38.0,5.4,18.0,81.0,24.3,,5.15,9,483.0,14.9,46.8,90.8,28.9,(600) Mindray,600,,ส่งผลสมบูรณ์,BC5600,17 กันยายน 2568,Combined
00786,โรงพยาบาลบ่อไร่,,2.33,2,52.0,5.5,18.5,79.4,23.6,,5.38,19,529.0,15.4,48.2,89.5,28.6,(600) Mindray,600,,ส่งผลสมบูรณ์,BC6000,17 กันยายน 2568,Combined
00787,โรงพยาบาลพระนารายณ์มหาราช,,2.07,2,59.0,5.5,24.4,117.9,26.4,,5.39,18,508.0,15.2,48.2,89.5,28.2,(600) Mindray,600,,ส่งผลสมบูรณ์,BC6200,17 กันยายน 2568,Combined
00788,โรงพยาบาลเวชธานี,,2.29,2,50.0,5.4,18.2,79.4,23.6,,5.27,18,544.0,15.1,47.2,89.5,28.7,(600) Mindray,600,,ส่งผลสมบูรณ์,BC6000,17 กันยายน 2568,Combined
00789,โรงพยาบาลเซนต์หลุยส์,,2.26,2,51.0,5.4,18.1,80.1,23.9,,5.32,18,526.0,15.4,48.5,90.4,28.6,(600) Mindray,600,,ส่งผลสมบูรณ์,BC6200,17 กันยายน 2568,Combined
00790,โรงพยาบาลชะอำ,,2.35,2,65.0,5.5,18.2,78.4,23.5,,5.30,19,529.0,15.2,46.5,87.7,28.6,(600) Mindray,600,,ส่งผลสมบูรณ์,BC6000,17 กันยายน 2568,Combined
00791,โรงพยาบาลบางพลี,,2.30,2,49.0,5.4,18.1,78.6,23.7,,5.24,17,522.0,15.4,46.8,89.3,29.3,(600) Mindray,600,,ส่งผลสมบูรณ์,BC6200,17 กันยายน 2568,Combined
00792,โรงพยาบาลพนัสนิคม,,2.29,2,47.0,5.5,18.6,81.2,23.7,,5.40,18,513.0,15.4,50.0,92.7,28.4,(600) Mindray,600,,ส่งผลสมบูรณ์,BC6200,17 กันยายน 2568,Combined
00793,โรงพยาบาลหัวหิน,,2.28,2,60.0,5.5,18.4,80.7,24.1,,5.35,18,529.0,15.5,48.7,91.1,28.9,(600) Mindray,600,,ส่งผลสมบูรณ์,BC6200,17 กันยายน 2568,Combined
00794,โรงพยาบาลดำเนินสะดวก,,2.36,2,46.0,5.5,18.7,79.3,23.3,,5.55,18,509.0,15.5,50.2,90.4,28.0,(600) Mindray,600,,ส่งผลสมบูรณ์,BC6200,17 กันยายน 2568,Combined
00795,โรงพยาบาลโพธาราม,,2.28,2,64.0,5.4,19.0,83.4,23.8,,5.30,18,518.0,15.4,48.3,91.1,29.0,(600) Mindray,600,,ส่งผลสมบูรณ์,BC6200,17 กันยายน 2568,Combined
00796,โรงพยาบาลบ่อทอง,,2.27,2,56.0,5.4,19.2,84.7,23.7,,5.46,18,535.0,15.7,48.4,88.6,28.7,(600) Mindray,600,,ส่งผลสมบูรณ์,BC6000,17 กันยายน 2568,Combined
00797,โรงพยาบาลมหาชัยเพชรรัชต์ (เครื่อง2),,2.22,1,67.0,5.3,17.0,76.7,23.9,,5.25,1,534.0,15.2,46.4,88.4,28.9,(600) Mindray,600,,ส่งผลสมบูรณ์,BC760,17 กันยายน 2568,Combined
00798,โรงพยาบาลพิษณุเวช อุตรดิตถ์,,2.24,2,55.0,5.3,17.5,78.0,23.7,,5.25,23,479.0,15.2,47.5,90.4,28.9,(600) Mindray,600,,ส่งผลสมบูรณ์,BC-780,10 กันยายน 2568,Combined
00799,โรงพยาบาลศรีสังวรสุโขทัย,,2.29,2,62.0,5.5,18.4,80.0,24.0,,5.44,18,535.0,15.7,48.6,89.4,28.9,(600) Mindray,600,,ส่งผลสมบูรณ์,BC6200,10 กันยายน 2568,Combined
00800,โรงพยาบาลสุโขทัย,,2.28,2,54.0,5.5,18.4,80.9,24.1,,5.33,18,537.0,15.4,48.5,91.0,28.9,(600) Mindray,มีไฟล์แนบของ ศวก.2 เข้ามาด้วย,,ส่งผลสมบูรณ์,BC6200,10 กันยายน 2568,Combined
00801,โรงพยาบาลเทพรัตน์นครราชสีมา,,2.23,2,43.0,5.3,18.1,81.1,23.6,,4.20,18,532.0,15.4,54.9,130.6,36.6,(600) Mindray,600,,ส่งผลสมบูรณ์,BC-6200,10 กันยายน 2568,Combined
00802,โรงพยาบาลค่ายสมเด็จพระนเรศวรมหาราช,,2.29,2,59.0,5.5,18.0,78.8,24.1,,5.37,19,526.0,15.7,48.0,89.4,29.4,(600) Mindray,600,,ส่งผลสมบูรณ์,BC-6200,10 กันยายน 2568,Combined
00803,โรงพยาบาลสมเด็จพระสังฆราชองค์ที่ 19,,2.36,2,52.0,5.5,18.9,80.2,23.3,,4.22,18,539.0,15.3,53.6,127.0,36.2,(600) Mindray,600,,ส่งผลสมบูรณ์,BC6200,17 กันยายน 2568,Combined
00804,โรงพยาบาลสมเด็จพระยุพราชหล่มเก่า,,2.36,2,46.0,5.4,19.1,8.1,23.0,,5.49,18,528.0,15.3,50.2,91.5,27.8,(600) Mindray,600,,ส่งผลสมบูรณ์,BC6000,10 กันยายน 2568,Combined
00805,โรงพยาบาลอู่ทอง,,2.24,2,42.0,5.5,16.7,80.0,24.1,,4.33,17,490.0,15.4,46.2,126.3,35.4,(600) Mindray,600,,ส่งผลสมบูรณ์,BC 6000,17 กันยายน 2568,Combined
00806,โรงพยาบาลสมเด็จพระสังฆราช องค์ที่ 17,,2.27,2,82.0,5.4,25.2,111.2,24.0,,5.12,18,477.0,15.5,46.4,90.6,30.4,(600) Mindray,600,,ส่งผลสมบูรณ์,BC6000,17 กันยายน 2568,Combined
00807,โรงพยาบาลวารินชำราบ,,2.33,2,65.0,5.4,18.4,78.9,23.2,,5.43,18,559.0,15.2,48.5,89.3,27.9,(600) Mindray,600,,ส่งผลสมบูรณ์,BC6000, BC6200,10 กันยายน 2568,Combined
00808,โรงพยาบาลกงหรา,,2.18,1,74.0,5.3,23.1,105.8,24.1,,5.21,17,505.0,15.3,46.2,88.7,29.4,(600) Mindray,600,,ส่งผลสมบูรณ์,BC760,17 กันยายน 2568,Combined
00809,โรงพยาบาลอุตรดิตถ์,,2.24,2,43.0,5.4,18.3,81.6,24.2,,5.20,18,509.0,15.5,47.5,91.4,29.8,(600) Mindray,600,,ส่งผลสมบูรณ์,BC6000,10 กันยายน 2568,Combined
00810,โรงพยาบาลอุตรดิตถ์1,,2.21,2,47.0,5.4,16.7,75.7,24.7,,5.14,22,507.0,15.4,45.6,88.6,29.9,(600) Mindray,600,,ส่งผลสมบูรณ์,BC760,10 กันยายน 2568,Combined
00811,โรงพยาบาลกุดชุม,,2.29,2,49.0,5.5,18.3,79.8,24.1,,4.83,18,567.0,15.2,60.4,125.0,31.6,(600) Mindray,600,,ส่งผลสมบูรณ์,BC6000,10 กันยายน 2568,Combined
00812,โรงพยาบาลเพชรบูรณ์,,2.38,2,47.0,5.5,19.0,80.0,23.0,,5.48,18,521.0,15.2,50.3,91.7,27.7,(600) Mindray,600,BC6200,ส่งผลสมบูรณ์,BC6200,10 กันยายน 2568,Combined
00813,โรงพยาบาลพิบูลมังสาหาร,,2.21,2,60.0,5.5,18.7,81.0,23.8,,5.46,18,537.0,15.3,50.6,92.6,28.0,(600) Mindray,600,,ส่งผลสมบูรณ์,BC6200,10 กันยายน 2568,Combined
00814,โรงพยาบาลสมเด็จพระยุพราชเลิงนกทา,,2.31,2,57.0,5.5,18.3,79.3,23.8,,5.32,19,532.0,15.4,47.7,89.7,29.1,(600) Mindray,มีไฟล์แนบของ ศวก.2 เข้ามาด้วย,,ส่งผลสมบูรณ์,BC6200,10 กันยายน 2568,Combined
00815,โรงพยาบาลป่าบอน,,2.24,2,58.0,5.3,17.3,77.1,23.8,,4.66,21,543.0,15.0,61.1,131.0,32.2,(600) Mindray,600,,ส่งผลสมบูรณ์,BC6000,17 กันยายน 2568,Combined
00818,โรงพยาบาลศรีนครินทร์(ปัญญานันภิกขุ),,2.22,2,60.0,5.6,17.2,77.4,25.1,,5.21,22,506.0,15.2,62.0,119.2,29.3,(600) Mindray,600,,ส่งผลสมบูรณ์,BC5380,17 กันยายน 2568,Combined
00819,โรงพยาบาลกาญจนดิษฐ์,,2.32,2,82.0,5.4,26.1,112.4,23.4,,5.41,17,525.0,15.4,48.7,90.1,28.5,(600) Mindray,600,,ส่งผลสมบูรณ์,BC6000,17 กันยายน 2568,Combined
00820,โรงพยาบาล ๕๐ พรรษา มหาวชิราลงกรณ (เครื่อง1),,2.31,2,56.0,5.5,18.4,79.7,23.7,,5.37,18,514.0,15.5,49.0,91.2,28.9,(600) Mindray,600,,ส่งผลสมบูรณ์,BC6200,10 กันยายน 2568,Combined
00821,โรงพยาบาล ๕๐ พรรษา มหาวชิราลงกรณ (เครื่อง2),,2.30,2,53.0,5.5,18.4,79.9,23.7,,5.42,19,539.0,15.4,49.1,90.5,28.4,(600) Mindray,600,,ส่งผลสมบูรณ์,BC6200,10 กันยายน 2568,Combined
00822,โรงพยาบาลวชิระภูเก็ต,,2.33,2,49.0,5.5,18.6,79.9,23.6,,5.34,18,526.0,15.3,48.4,90.7,28.6,(600) Mindray,600,,ส่งผลสมบูรณ์,BC 6200,17 กันยายน 2568,Combined
00823,โรงพยาบาลกระบี่,,2.30,2,52.0,5.4,18.4,80.2,23.6,,5.38,18,533.0,15.1,48.7,90.6,28.8,(600) Mindray,600,,ส่งผลสมบูรณ์,BC6000,17 กันยายน 2568,Combined
00824,โรงพยาบาลนาโยง,,2.32,2,67.0,5.5,17.9,77.1,23.6,,5.39,18,527.0,15.4,47.7,88.4,28.5,(600) Mindray,600,,ส่งผลสมบูรณ์,BC760,17 กันยายน 2568,Combined
00825,โรงพยาบาลเฉลิมพระเกียรติ สมเด็จพระเทพรัตนราชสุดาฯ สยามบรมราชกุมารี ระยอง (เครื่อง1),,2.36,2,48.0,5.6,18.9,80.2,23.5,,5.42,18,535.0,15.4,49.5,91.3,28.5,(600) Mindray,600,,ส่งผลสมบูรณ์,BC-6200,17 กันยายน 2568,Combined
00826,โรงพยาบาลเฉลิมพระเกียรติ สมเด็จพระเทพรัตนราชสุดาฯ สยามบรมราชกุมารี ระยอง (เครื่อง2),,2.36,2,49.0,5.5,18.7,79.2,23.3,,5.37,18,525.0,15.4,48.7,90.7,28.6,(600) Mindray,600,,ส่งผลสมบูรณ์,BC-6200,17 กันยายน 2568,Combined
00833,โรงพยาบาลร่อนพิบูลย์,,2.22,2,50.0,5.3,17.2,77.3,24.1,,4.10,7,202.0,10.8,36.9,90.1,26.3,(600) Mindray,600,,ส่งผลสมบูรณ์,BC700,17 กันยายน 2568,Combined
00835,โรงพยาบาลละหานทราย,,2.21,2,70.0,5.3,23.1,104.4,24.0,,5.38,17,532.0,15.3,49.3,91.6,28.4,(600) Mindray,600,,ส่งผลสมบูรณ์,BC6200,10 กันยายน 2568,Combined
00840,โรงพยาบาลสงฆ์,,2.22,2,58.0,5.4,16.9,76.3,24.2,,5.35,19,514.0,15.4,48.2,90.1,28.8,(600) Mindray,600,,ส่งผลสมบูรณ์,BC760,17 กันยายน 2568,Combined
00843,โรงพยาบาลหนองบุญมาก,,2.04,2,98.0,5.1,20.8,101.8,25.2,,4.97,21,500.0,15.0,43.6,87.8,30.2,(600) Mindray,600,,ส่งผลสมบูรณ์,BC5180,10 กันยายน 2568,Combined
00849,โรงพยาบาลขุขันธ์,,2.25,2,49.0,5.4,18.0,80.0,24.1,,5.32,18,530.0,15.3,47.9,90.1,28.7,(600) Mindray,600,,ส่งผลสมบูรณ์,BC6200,10 กันยายน 2568,Combined
00852,โรงพยาบาลเชียงรายประชานุเคราะห์ (เครื่อง1),,2.24,2,45.0,5.4,17.9,79.9,24.1,,5.32,18,551.0,15.1,62.6,117.6,28.4,(600) Mindray,600,,ส่งผลสมบูรณ์,BC6200,10 กันยายน 2568,Combined
00853,โรงพยาบาลเชียงรายประชานุเคราะห์ (เครื่อง2),,2.34,2,45.0,5.4,18.6,79.7,23.2,,5.54,18,553.0,15.4,50.5,91.1,27.9,(600) Mindray,600,,ส่งผลสมบูรณ์,BC6200,10 กันยายน 2568,Combined
00855,โรงพยาบาลขุนหาญ,,2.23,2,63.0,5.4,22.7,79.3,24.2,,5.36,18,520.0,15.3,48.9,91.3,28.6,(600) Mindray,600,,ส่งผลสมบูรณ์,BC-6200,10 กันยายน 2568,Combined
00856,โรงพยาบาลมุกดาหาร,,2.29,2,57.0,5.4,18.7,81.7,23.7,,5.44,18,519.0,15.3,49.7,91.4,28.1,(600) Mindray,600,,ส่งผลสมบูรณ์,BC-6200,10 กันยายน 2568,Combined
00858,โรงพยาบาลทุ่งสง,,2.25,2,62.0,5.4,18.1,80.4,24.0,,5.45,18,612.0,15.3,56.0,102.8,28.2,(600) Mindray,ไฟล์แนบ HM368,,ส่งผลสมบูรณ์,BC6200,17 กันยายน 2568,Combined
00864,โรงพยาบาลกันทรารมย์,,2.27,2,42.0,5.4,18.1,79.6,23.9,,5.38,18,492.0,15.4,48.7,90.5,28.7,(600) Mindray,600,,ส่งผลสมบูรณ์,BC6200,10 กันยายน 2568,Combined
00876,โรงพยาบาลพรหมคีรี,,2.22,2,58.0,5.3,17.1,77.0,23.9,,5.36,23,510.0,15.4,48.8,91.0,28.6,(600) Mindray,600,,ส่งผลสมบูรณ์,(606) 760,17 กันยายน 2568,Combined
00878,โรงพยาบาลเจาะไอร้อง,,2.24,2,85.0,5.4,22.7,101.2,24.1,,5.24,21,504.0,15.4,46.5,88.7,29.4,(600) Mindray,600,,ส่งผลสมบูรณ์,BC 5180,17 กันยายน 2568,Combined
00886,โรงพยาบาลรัตนบุรี,,2.23,2,55.0,5.4,17.8,79.7,24.3,,5.38,19,509.0,15.3,47.8,88.8,28.4,(600) Mindray,600,,ส่งผลสมบูรณ์,Mindray BC6200,10 กันยายน 2568,Combined
00889,โรงพยาบาลมายอ (เครื่อง2),,2.21,2,69.0,5.3,19.9,79.0,24.0,,5.15,20,518.0,15.3,46.7,90.6,29.7,(600) Mindray,600,,ส่งผลสมบูรณ์,BC 760,17 กันยายน 2568,Combined
00923,โรงพยาบาลพระพุทธบาท,,2.29,2,59.0,5.5,18.3,80.0,24.0,,4.64,17,509.0,15.4,59.9,129.1,33.2,(600) Mindray,600,,ส่งผลสมบูรณ์,BC6000,17 กันยายน 2568,Combined
00930,โรงพยาบาลเพ็ญ,,2.27,2,56.0,5.3,17.1,75.5,23.4,,5.41,19,510.0,15.1,47.4,87.7,27.8,(600) Mindray,มีไฟล์แนบของ ศวก.2 เข้ามาด้วย,,ส่งผลสมบูรณ์,BC760,10 กันยายน 2568,Combined
00935,โรงพยาบาลพยาบาลสถานพระบารมี,,2.24,2,67.0,5.4,17.6,78.7,24.1,,4.66,20,543.0,15.1,56.1,120.3,32.4,(600) Mindray,600,,ส่งผลสมบูรณ์,BC-5300,17 กันยายน 2568,Combined
00952,โรงพยาบาลราชเวช เชียงใหม่,,2.33,2,63.0,5.4,27.5,118.1,23.2,,5.35,18,524.0,15.2,48.6,90.8,28.4,(600) Mindray,600,,ส่งผลสมบูรณ์,BC6200,10 กันยายน 2568,Combined
00957,โรงพยาบาลกระบุรี,,2.15,2,54.0,5.3,17.2,79.8,24.8,,5.17,23,503.0,15.3,48.1,93.0,29.7,(600) Mindray,600,,ส่งผลสมบูรณ์,BC760,17 กันยายน 2568,Combined
00969,บริษัท โรงพยาบาลอินเตอร์เมดิคัล แคร์ แอนด์ แล็บ จำกัด(มหาชน),,2.30,2,54.0,5.4,18.5,80.3,23.8,,5.36,18,531.0,15.3,48.3,90.3,28.6,(600) Mindray,600,,ส่งผลสมบูรณ์,BC6800,17 กันยายน 2568,Combined
00979,โรงพยาบาลสวรรค์ประชารักษ์,,2.29,2,53.0,5.4,18.2,79.4,23.5,,5.46,19,523.0,15.4,48.5,88.8,28.1,(600) Mindray,มีไฟล์แนบของ ศวก.2 เข้ามาด้วย,,ส่งผลสมบูรณ์,BC6200,10 กันยายน 2568,Combined
00980,โรงพยาบาลอนันต์พัฒนา 2,,2.41,2,65.0,5.6,18.8,77.9,23.2,,5.30,21,541.0,15.4,61.7,116.4,29.1,(600) Mindray,600,,ส่งผลสมบูรณ์,BC5300,17 กันยายน 2568,Combined
00992,โรงพยาบาลวังม่วงสัทธรรม,,2.02,2,79.0,5.3,22.1,110.0,26.2,,5.31,23,495.0,15.1,49.0,92.3,28.3,(600) Mindray,มีไฟล์แนบของ ศวก.2 เข้ามาด้วย,,ส่งผลสมบูรณ์,BC 760,17 กันยายน 2568,Combined
00993,โรงพยาบาลป่าตอง,,2.24,2,67.0,5.4,17.5,78.2,24.2,,4.99,0,491.0,15.4,61.9,124.0,30.8,(600) Mindray,600,,ส่งผลสมบูรณ์,BC760,17 กันยายน 2568,Combined
00998,โรงพยาบาลเนินสง่า,,2.22,2,69.0,5.2,17.3,78.0,23.6,,5.20,23,538.0,15.0,46.4,89.3,28.8,(600) Mindray,600,,ส่งผลสมบูรณ์,BC-760,10 กันยายน 2568,Combined
01009,โรงพยาบาลโนนสะอาด,,2.30,2,71.0,5.3,23.8,108.1,24.0,,5.40,24,517.0,15.3,49.8,92.3,28.3,(600) Mindray,600,,ส่งผลสมบูรณ์,BC760,10 กันยายน 2568,Combined
01010,โรงพยาบาลราชสาส์น,,2.28,2,59.0,5.4,17.5,76.6,23.9,,5.20,22,516.0,15.2,45.6,87.7,29.3,(600) Mindray,มีไฟล์แนบของ ศวก.2 เข้ามาด้วย,,ส่งผลสมบูรณ์,BC5380,17 กันยายน 2568,Combined
01016,บริษัท แอคคิวฟาส แล็บ เซ็นเตอร์ จำกัด,,2.30,2,55.0,5.4,18.5,80.4,23.8,,5.36,18,530.0,15.3,48.4,90.3,28.6,(600) Mindray,600,,ส่งผลสมบูรณ์,BC6000,17 กันยายน 2568,Combined
01022,โรงพยาบาลเคียนซา,,2.33,2,67.0,5.4,17.9,77.0,23.2,,5.34,18,531.0,15.4,52.2,97.7,28.8,(600) Mindray,600,,ส่งผลสมบูรณ์,BC760,17 กันยายน 2568,Combined
01026,โรงพยาบาลพนม,,2.28,2,60.0,5.4,17.8,78.0,23.8,,5.14,21,518.0,14.9,45.3,88.1,29.0,(600) Mindray,600,,ส่งผลสมบูรณ์,BC-760,17 กันยายน 2568,Combined
01029,โรงพยาบาลชัยบุรี,,2.24,2,65.0,5.3,17.1,76.5,23.6,,4.39,19,558.0,15.2,58.9,134.1,34.5,(600) Mindray,600,,ส่งผลสมบูรณ์,Mindray 760,17 กันยายน 2568,Combined
01030,โรงพยาบาลบ้านนาสาร,,2.31,2,54.0,5.4,18.1,78.5,23.4,,5.45,22,541.0,15.2,49.7,91.3,28.0,(600) Mindray,600,,ส่งผลสมบูรณ์,BC780,17 กันยายน 2568,Combined
01033,โรงพยาบาลสามเงา,,2.10,2,87.0,5.3,22.0,104.8,25.2,,5.01,20,500.0,15.1,44.8,89.4,30.3,(600) Mindray,600,,ส่งผลสมบูรณ์,BC 5180,10 กันยายน 2568,Combined
01043,บริษัท เอสพี แลบบอราทอรี่ จำกัด,,2.29,2,73.0,5.3,15.9,69.4,23.1,,5.30,21,487.0,14.3,42.9,80.9,27.0,(600) Mindray,600,,ส่งผลสมบูรณ์,Mindray BC 5600,17 กันยายน 2568,Combined
01051,โรงพยาบาลลับแล,,2.23,2,86.0,5.3,25.4,114.1,23.9,,5.28,22,509.0,15.3,47.3,89.5,29.0,(600) Mindray,600,,ส่งผลสมบูรณ์,BC760,10 กันยายน 2568,Combined
01057,โรงพยาบาลศรีณรงค์,,2.42,1,114.0,5.7,23.2,95.8,23.6,,5.44,19,521.0,15.5,50.3,92.5,28.4,(600) Mindray,ไฟล์แนบ HM368,,ส่งผลสมบูรณ์,BC5800,10 กันยายน 2568,Combined
01063,โรงพยาบาลวัดเกตุมดีศรีวราราม(สมุทรสาคร2),,2.37,2,69.0,5.8,17.9,75.5,24.4,,5.23,22,494.0,15.5,45.5,87.0,29.6,(600) Mindray,600,,ส่งผลสมบูรณ์,BC-5180,17 กันยายน 2568,Combined
01065,โรงพยาบาลแก่งกระจาน,,2.31,2,63.0,5.3,18.1,78.3,23.0,,5.12,1,589.0,15.3,64.5,126.0,29.9,(600) Mindray,600,,ส่งผลสมบูรณ์,BC760,17 กันยายน 2568,Combined
01067,โรงพยาบาลนครท่าฉลอม,,2.25,2,59.0,5.4,16.9,75.0,23.9,,5.01,20,515.0,15.0,43.4,86.6,30.0,(600) Mindray,600,,ส่งผลสมบูรณ์,BC5180,17 กันยายน 2568,Combined
01074,โรงพยาบาลบางใหญ่,,2.30,2,39.0,5.5,18.4,79.9,23.9,,5.36,18,508.0,15.3,48.0,89.6,28.6,(600) Mindray,600,,ส่งผลสมบูรณ์,BC6200,17 กันยายน 2568,Combined
01076,โรงพยาบาลขุนตาล,,2.15,2,82.0,5.3,23.3,108.7,24.6,,5.33,22,529.0,15.3,47.7,89.5,28.7,(600) Mindray,ไฟล์แนบ HM368,,ส่งผลสมบูรณ์,Mindray BC 760,10 กันยายน 2568,Combined
01086,โรงพยาบาลนครนายก,,2.34,2,58.0,5.5,18.9,80.9,23.6,,5.49,19,515.0,15.8,50.3,91.6,28.8,(600) Mindray,600,,ส่งผลสมบูรณ์,BC6200,17 กันยายน 2568,Combined
01089,โรงพยาบาลวชิระภูเก็ต 2 สาขาหยี่เต้ง,,2.18,2,79.0,5.3,19.7,90.5,24.2,,5.11,24,523.0,15.1,46.8,91.5,29.6,(600) Mindray,600,,ส่งผลสมบูรณ์,BC760,17 กันยายน 2568,Combined
01099,ห้างหุ้นส่วนจำกัด ท็อปแล็บ คลินิกเทคนิคการแพทย์,,2.24,2,78.0,5.4,17.1,76.3,24.1,,5.27,22,516.0,15.6,46.3,87.8,29.6,(600) Mindray,600,,ส่งผลสมบูรณ์,BC5300,10 กันยายน 2568,Combined
01100,โรงพยาบาลโพนนาแก้ว,,2.30,2,57.0,5.4,18.5,80.3,23.6,,5.36,19,559.0,15.5,48.3,90.1,29.0,(600) Mindray,600,,ส่งผลสมบูรณ์,BC6000,10 กันยายน 2568,Combined
01101,โรงพยาบาลร้อยเอ็ด,,2.15,2,45.0,5.5,17.2,80.2,25.6,,5.44,19,524.0,15.3,48.9,89.9,28.2,(600) Mindray,600,,ส่งผลสมบูรณ์,BC-6000,10 กันยายน 2568,Combined
01102,โรงพยาบาลวัฒนานคร,,2.22,2,50.0,5.3,17.5,78.6,24.0,,4.39,21,555.0,15.2,56.5,128.7,34.7,(600) Mindray,600,,ส่งผลสมบูรณ์,BC760,17 กันยายน 2568,Combined
01103,โรงพยาบาลอรัญประเทศ,,2.35,2,41.0,5.6,19.1,81.1,23.8,,3.81,18,525.0,15.5,50.1,131.4,40.7,(600) Mindray,600,,ส่งผลสมบูรณ์,BC6000,17 กันยายน 2568,Combined
01104,โรงพยาบาลนวมินทร์ 9,,2.21,2,77.0,5.4,25.2,114.3,24.4,,5.38,18,533.0,15.4,48.4,90.0,28.6,(600) Mindray,600,,ส่งผลสมบูรณ์,BC6000,17 กันยายน 2568,Combined
01105,โรงพยาบาลถลาง,,2.33,2,58.0,5.5,18.7,80.4,23.8,,5.43,18,534.0,15.7,49.6,91.4,28.8,(600) Mindray,600,,ส่งผลสมบูรณ์,BC6200,17 กันยายน 2568,Combined
01106,เทศบาลเมืองท่าเรือพระแท่น,,2.33,2,71.0,5.6,17.5,75.3,23.9,,5.02,21,548.0,15.4,55.8,111.2,30.2,(600) Mindray,600,,ส่งผลสมบูรณ์,BC5150,17 กันยายน 2568,Combined
01107,โรงพยาบาลปิยะเวท,,2.34,2,55.0,5.4,18.3,78.1,23.1,,5.33,18,516.0,15.3,47.3,88.8,28.7,(600) Mindray,600,,ส่งผลสมบูรณ์,BC6200,17 กันยายน 2568,Combined
01108,โรงพยาบาลมะการักษ์,,2.26,2,55.0,5.4,18.3,80.9,23.8,,5.50,18,541.0,15.8,49.6,90.1,28.7,(600) Mindray,มีไฟล์แนบของ ศวก.1 เข้ามาด้วย,,ส่งผลสมบูรณ์,BC6200,17 กันยายน 2568,Combined
01109,โรงพยาบาลดอนตูม,,2.25,2,35.0,5.5,17.7,78.5,24.3,,3.60,15,533.0,15.4,47.4,131.7,42.7,(600) Mindray,600,,ส่งผลสมบูรณ์,BC 6000,17 กันยายน 2568,Combined
01110,โรงพยาบาลจิตเวชสระแก้วราชนครินทร์,,2.26,2,66.0,5.5,17.7,78.1,24.3,,5.19,22,516.0,15.4,46.4,89.4,29.7,(600) Mindray,มีไฟล์แนบของ ศวก.6 เข้ามาด้วย,,ส่งผลสมบูรณ์,BC 3500,17 กันยายน 2568,Combined
01113,โรงพยาบาลบ้านตาขุน,,2.19,2,62.0,5.3,17.0,76.1,23.5,,5.43,20,525.0,15.2,48.1,88.7,28.1,(600) Mindray,600,,ส่งผลสมบูรณ์,BC760,17 กันยายน 2568,Combined
01115,โรงพยาบาลเนินขาม,,2.28,2,71.0,5.4,17.8,78.1,23.7,,5.03,20,574.0,15.1,50.8,112.0,30.0,(600) Mindray,600,,ส่งผลสมบูรณ์,BC-5300,10 กันยายน 2568,Combined
01116,โรงพยาบาลเมตตาประชารักษ์ (วัดไร่ขิง),,2.32,2,92.0,5.3,25.6,110.4,22.7,,5.29,22,538.0,15.5,46.1,87.2,29.4,(600) Mindray,600,,ส่งผลสมบูรณ์,BC 5180,17 กันยายน 2568,Combined
01120,โรงพยาบาลแพร่-ราม,,2.31,2,85.0,5.5,25.0,108.2,23.8,,5.23,22,501.0,15.4,46.5,88.9,29.4,(600) Mindray,600,,ส่งผลสมบูรณ์,BC 5300,10 กันยายน 2568,Combined
01121,โรงพยาบาลบึงโขงหลง,,2.26,2,63.0,5.4,17.7,78.5,23.7,,5.25,22,556.0,15.2,47.3,90.1,29.0,(600) Mindray,600,,ส่งผลสมบูรณ์,bc700,10 กันยายน 2568,Combined
01124,โรงพยาบาลพญาเม็งราย,,2.12,2,49.0,5.4,16.6,78.3,25.4,,4.47,22,512.0,15.4,57.8,129.1,34.3,(600) Mindray,600,,ส่งผลสมบูรณ์,BC760,10 กันยายน 2568,Combined
01127,โรงพยาบาลวังทอง,,2.30,2,84.0,5.2,25.0,108.5,23.0,,5.22,23,512.0,15.1,45.0,86.1,28.9,(600) Mindray,600,,ส่งผลสมบูรณ์,BC5300,10 กันยายน 2568,Combined
01129,โรงพยาบาลนาเชือก,,1.79,2,77.0,5.3,18.4,102.6,29.3,,5.18,23,516.0,15.6,44.6,86.1,30.0,(600) Mindray,มีไฟล์แนบของ ศวก.2 เข้ามาด้วย,,ส่งผลสมบูรณ์,BC5180,10 กันยายน 2568,Combined
01130,โรงพยาบาลคอนสาร,,2.34,2,50.0,5.5,18.6,79.7,23.4,,5.31,18,503.0,15.3,48.3,91.0,28.9,(600) Mindray,600,,ส่งผลสมบูรณ์,BC6200,10 กันยายน 2568,Combined
01133,โรงพยาบาลชลบุรี,,2.38,2,55.0,5.3,27.2,114.3,22.3,,5.45,18,495.0,15.2,48.9,89.7,27.9,(600) Mindray,600,,ส่งผลสมบูรณ์,BC6200,17 กันยายน 2568,Combined
01146,โรงพยาบาลภูกระดึง,,2.22,2,61.0,5.4,17.4,79.0,24.4,,4.50,19,514.0,15.0,49.6,115.2,33.5,(600) Mindray,600,,ส่งผลสมบูรณ์,BC 5300,10 กันยายน 2568,Combined
01152,โรงพยาบาลซับใหญ่,,2.19,2,51.0,5.3,16.9,77.2,24.3,,4.57,0,546.0,15.3,58.9,129.0,33.5,(600) Mindray,600,,ส่งผลสมบูรณ์,BC760,10 กันยายน 2568,Combined
01153,โรงพยาบาลบาเจาะ (เครื่อง2),,2.21,2,61.0,5.3,17.1,77.3,24.2,,5.25,23,508.0,15.3,47.5,90.4,29.1,(600) Mindray,600,,ส่งผลสมบูรณ์,BC760,17 กันยายน 2568,Combined
01154,คลินิกแล็บสุราษฎร์ธานี,,2.29,2,62.0,5.4,17.3,75.7,23.7,,5.22,20,493.0,15.0,45.2,86.7,28.8,(600) Mindray,600,,ส่งผลสมบูรณ์,BC 5300,17 กันยายน 2568,Combined
01157,โรงพยาบาลพรเจริญ,,2.25,2,64.0,5.3,17.5,77.6,23.7,,5.30,19,506.0,15.1,48.9,92.2,28.5,(600) Mindray,600,,ส่งผลสมบูรณ์,BC760,10 กันยายน 2568,Combined
01161,โรงพยาบาลศูนย์การแพทย์มหาวิทยาลัยแม่ฟ้าหลวง,,2.29,2,62.0,5.4,18.1,78.9,23.5,,5.37,18,536.0,15.2,47.3,89.3,28.9,(600) Mindray,600,,ส่งผลสมบูรณ์,BC6200,10 กันยายน 2568,Combined
01169,โรงพยาบาลบ้านเหลื่อม,,2.28,2,90.0,5.3,22.2,97.6,23.1,,5.20,22,508.0,15.5,44.4,85.4,29.7,(600) Mindray,600,,ส่งผลสมบูรณ์,BC5180,10 กันยายน 2568,Combined
01170,โรงพยาบาลมหาวิทยาลัยเทคโนโลยีสุรนารี (เครื่อง1),,2.28,2,50.0,5.4,18.1,79.2,23.8,,5.25,18,509.0,15.1,47.1,89.7,28.7,(600) Mindray,600,,ส่งผลสมบูรณ์,6200,10 กันยายน 2568,Combined
01172,โรงพยาบาลมหาวิทยาลัยเทคโนโลยีสุรนารี (เครื่อง2),,2.28,2,40.0,5.5,18.3,80.2,24.1,,4.98,17,532.0,15.3,50.8,128.8,30.6,(600) Mindray,600,,ส่งผลสมบูรณ์,BC6200,10 กันยายน 2568,Combined
01179,โรงพยาบาลแพร่,,2.30,2,46.0,5.4,18.4,79.8,23.5,,5.32,19,487.0,15.4,48.3,90.7,28.9,(600) Mindray,600,,ส่งผลสมบูรณ์,BC6200,10 กันยายน 2568,Combined
01180,โรงพยาบาลลำทะเมนชัย,,2.22,2,54.0,5.3,16.8,75.8,24.0,,5.24,21,509.0,15.3,60.6,115.7,29.3,(600) Mindray,600,,ส่งผลสมบูรณ์,BC5180,10 กันยายน 2568,Combined
01181,โรงพยาบาลขามทะเลสอ,,2.22,1,12.0,5.4,17.1,77.0,24.1,,5.30,17,115.0,15.4,46.6,87.8,29.0,(600) Mindray,600,,ส่งผลสมบูรณ์,BC-760,10 กันยายน 2568,Combined
01184,โรงพยาบาลคลองหลวง,,2.28,2,90.0,5.4,25.8,113.0,23.6,,5.49,19,545.0,15.5,48.1,87.6,28.3,(600) Mindray,600,,ส่งผลสมบูรณ์,BC6000,17 กันยายน 2568,Combined
01185,บริษัท ศูนย์สุขภาพโคราช จำกัด คลินิกหมอจำรัส,,2.22,1,41.0,5.4,17.1,77.0,24.1,,5.30,17,468.0,15.4,46.6,87.8,29.0,(600) Mindray,600,,ส่งผลสมบูรณ์,BC5300,10 กันยายน 2568,Combined
01186,โรงพยาบาลคง,,1.90,2,82.0,5.2,20.6,108.4,27.4,,5.23,18,504.0,15.0,47.5,90.9,28.8,(600) Mindray,600,,ส่งผลสมบูรณ์,BC-760,10 กันยายน 2568,Combined
01187,โรงพยาบาลราชสีมา ฮอสพิทอล,,2.29,2,60.0,5.4,17.2,75.4,23.8,,5.18,21,481.0,15.3,45.4,87.6,29.6,(600) Mindray,600,,ส่งผลสมบูรณ์,BC5180,10 กันยายน 2568,Combined
01194,โรงพยาบาลราษีไศล,,2.32,2,46.0,5.5,18.4,79.5,23.7,,5.37,23,503.0,15.5,48.3,90.0,28.8,(600) Mindray,600,,ส่งผลสมบูรณ์,BC6200,10 กันยายน 2568,Combined
01197,โรงพยาบาลบางปะกง,,2.16,2,57.0,5.3,16.8,77.6,24.5,,5.12,23,499.0,15.1,45.7,89.2,29.5,(600) Mindray,600,,ส่งผลสมบูรณ์,BC760,17 กันยายน 2568,Combined
01200,โรงพยาบาลอมก๋อย,,2.18,2,67.0,5.2,17.2,78.8,23.8,,5.29,19,543.0,15.4,48.1,91.0,29.1,(600) Mindray,600,,ส่งผลสมบูรณ์,BC-760,10 กันยายน 2568,Combined
N,N,600.00,442.00,442,442.0,442.0,442.0,442.0,442.0,,443.00,443,443.0,443.0,443.0,443.0,443.0,Brand_No,Count Brand,,,,,Combined
443,Min,600.00,0.00,0,0.0,0.0,0.0,0.0,0.0,,2.25,0,61.0,5.4,16.5,75.9,23.5,100,0,,,,,Combined
0,Max,600.00,5.46,21,880.0,503.0,60.6,118.1,76.4,,21.73,24,626.0,16.1,69.5,137.6,42.7,200,0,,,,,Combined
0,Mean,600.00,2.28,2,68.4,6.6,19.0,82.8,24.0,,5.22,19,518.4,15.2,48.6,94.6,29.5,300,0,,,,,Combined
443,SD,600.00,0.30,2,58.9,23.7,3.9,12.3,2.9,,0.88,5,51.9,0.8,5.2,12.6,2.2,400,0,,,,,Combined
LAB00451,3SD,600.00,0.91,5,177.0,71.0,11.7,36.8,8.6,,2.63,16,156.0,2.5,15.5,37.8,6.5,500,0,,,,,Combined
LAB00452,Mean_all-3SD,600.00,1.37,-3,-108.0,-64.5,7.3,46.0,15.4,,2.59,3,363.0,12.8,33.1,56.8,23.0,600,443,,,,,Combined
LAB00453,Mean_all+3SD,600.00,3.19,7,245.0,77.6,30.7,119.6,32.6,,7.84,35,674.0,17.7,64.2,132.5,36.0,700,0,,,,,Combined
LAB00454,%CV,600.00,13.20,73,86.1,359.2,20.5,14.8,12.0,,16.80,29,10.0,5.4,10.6,13.3,7.4,800,0,,,,,Combined
LAB00456,Mean_Fix_decimal,600.00,2.28,2,68.0,6.6,19.0,82.8,24.0,,5.22,19,518.0,15.2,48.6,94.6,29.5,1000,0,,,,,Combined
LAB00457,SD_Fix_Decimal,600.00,0.30,2,59.0,23.7,3.9,12.3,2.9,,0.88,5,52.0,0.8,5.2,12.6,2.2,1100,0,,,,,Combined
LAB00458,Mean2-2SD2,600.00,1.68,-1,-50.0,-40.8,11.2,58.2,18.2,,3.46,8,414.0,13.6,38.2,69.4,25.1,1200,0,,,,,Combined
LAB00459,Mean2-SD2,600.00,1.98,1,9.0,-17.1,15.1,70.5,21.1,,4.34,13,466.0,14.4,43.4,82.0,27.3,1300,0,,,,,Combined
LAB00460,Mean2+SD2,600.00,2.58,4,127.0,30.3,22.9,95.1,26.9,,6.10,24,570.0,16.0,53.8,107.2,31.7,1400,0,,,,,Combined
LAB00461,Mean2+2SD2,600.00,2.88,5,186.0,54.0,26.8,107.4,29.8,,6.98,29,622.0,16.8,59.0,119.8,33.9,1500,0,,,,,Combined
LAB00462,< 2SD2,600.00,,,,,,,,,,,,,,,,1600,0,,,,,Combined
LAB00463,Mean2- 2SD2,600.00,1.68,-1,-50.0,-40.8,11.2,58.2,18.2,,3.46,8,414.0,13.6,38.2,69.4,25.1,1700,0,,,,,Combined
LAB00464,Mean2 +/- SD2,600.00,1.98,1,9.0,-17.1,15.1,70.5,21.1,,4.34,13,466.0,14.4,43.4,82.0,27.3,1800,0,,,,,Combined
LAB00465,Mean2 + 2SD2,600.00,2.59,4,128.0,30.4,23.0,95.2,27.0,,6.11,24,571.0,16.1,53.9,107.3,31.8,1900,0,,,,,Combined
LAB00466,> 2SD2,600.00,,,,,,,,,,,,,,,,2000,0,,,,,Combined
LAB00470,N,600.00,442.00,442,442.0,442.0,442.0,442.0,442.0,,442.00,442,442.0,442.0,442.0,442.0,442.0,2400,0,,,,,Combined
LAB00471,Min,600.00,0.00,0,0.0,0.0,0.0,0.0,0.0,,2.25,0,61.0,5.4,16.5,75.9,23.5,2500,0,,,,,Combined
LAB00472,Max,600.00,5.46,21,880.0,503.0,60.6,118.1,76.4,,21.73,24,626.0,16.1,69.5,137.6,42.7,9900,0,,,,,Combined
LAB00473,Mean,600.00,2.28,2,68.0,6.6,19.0,82.8,24.0,,5.22,19,518.0,15.2,48.7,94.7,29.5,Total,443,,,,,Combined
LAB00474,SD,600.00,0.30,2,59.0,23.7,3.9,12.3,2.9,,0.88,5,52.0,0.8,5.2,12.6,2.2,Count blank,0,,,,,Combined
LAB00475,3SD,600.00,0.91,5,177.0,71.0,11.7,36.8,8.6,,2.63,16,156.0,2.5,15.5,37.8,6.6,N > 20,503,,,,,Combined
LAB00476,Mean_all-3SD,600.00,1.37,-3,-108.0,-64.5,7.3,46.0,15.4,,2.59,3,362.0,12.7,33.1,56.8,22.9,N< 20,503,,,,,Combined
LAB00477,Mean_all+3SD,600.00,3.19,7,245.0,77.6,30.7,119.6,32.6,,7.84,35,674.0,17.7,64.2,132.5,36.0,500,503,,,,,Combined
LAB00478,%CV,600.00,13.20,73,86.1,359.2,20.5,14.8,12.0,,16.80,29,10.0,5.4,10.6,13.3,7.4,500,503,,,,,Combined
LAB00480,Mean_Fix_decimal,600.00,2.28,2,68.0,6.6,19.0,82.8,24.0,,5.22,19,518.0,15.2,48.7,94.7,29.5,500,503,,,,,Combined
LAB00481,SD_Fix_Decimal,600.00,0.30,2,59.0,23.7,3.9,12.3,2.9,,0.88,5,52.0,0.8,5.2,12.6,2.2,500,503,,,,,Combined
LAB00482,Mean2-2SD2,600.00,1.68,-1,-50.0,-40.8,11.2,58.2,18.2,,3.46,8,414.0,13.6,38.3,69.5,25.1,500,503,,,,,Combined
LAB00483,Mean2-SD2,600.00,1.98,1,9.0,-17.1,15.1,70.5,21.1,,4.34,13,466.0,14.4,43.5,82.1,27.3,500,503,,,,,Combined
LAB00484,Mean2+SD2,600.00,2.58,4,127.0,30.3,22.9,95.1,26.9,,6.10,24,570.0,16.0,53.9,107.3,31.7,500,503,,,,,Combined
LAB00485,Mean2+2SD2,600.00,2.88,5,186.0,54.0,26.8,107.4,29.8,,6.98,29,622.0,16.8,59.1,119.9,33.9,500,503,,,,,Combined
LAB00486,< 2SD2,600.00,,,,,,,,,,,,,,,,500,503,,,,,Combined
LAB00487,Mean2- 2SD2,600.00,1.68,-1,-50.0,-40.8,11.2,58.2,18.2,,3.46,8,414.0,13.6,38.3,69.5,25.1,500,503,,,,,Combined
LAB00488,Mean2 +/- SD2,600.00,1.98,1,9.0,-17.1,15.1,70.5,21.1,,4.34,13,466.0,14.4,43.5,82.1,27.3,500,503,,,,,Combined
LAB00489,Mean2 + 2SD2,600.00,2.59,4,128.0,30.4,23.0,95.2,27.0,,6.11,24,571.0,16.1,54.0,107.4,31.8,500,503,,,,,Combined
LAB00490,> 2SD2,600.00,,,,,,,,,,,,,,,,500,503,,,,,Combined